0,0.793277643,0.1567810107,0.4887681064,187,0,38,100,3Dportrait
1,0.6386298738,0.7563073875,0.1949222628,226,25,28,100,3Dportrait
2,0.3116710089,0.6762181854,0.5829432462,226,25,28,100,3Dportrait
3,0.8041863054,0.5901215282,0.8229470334,226,25,28,100,3Dportrait
4,0.5127286736,0.8078781559,0.5630769254,252,77,42,100,3Dportrait
5,0.3235090768,0.4601589112,0.2305257669,252,77,42,100,3Dportrait
6,0.1925395305,0.4277944166,0.6868450373,252,77,42,100,3Dportrait
7,0.299736333,0.133559269,0.6176397505,252,77,42,100,3Dportrait
8,0.6197084061,0.5577316599,0.3842379909,252,77,42,100,3Dportrait
9,0.4668358103,0.7971629779,0.8280723348,252,77,42,100,3Dportrait
10,0.5801648405,0.3822470739,0.5998805677,252,77,42,100,3Dportrait
11,0.3999752665,0.9017779822,0.5823056774,252,77,42,100,3Dportrait
12,0.8636998643,0.3077889001,0.5426659276,252,77,42,100,3Dportrait
13,0.6531746078,0.749699769,0.5884255026,253,140,60,100,3Dportrait
14,0.8714568372,0.6735724514,0.7256132741,253,140,60,100,3Dportrait
15,0.6348084875,0.6275043501,0.1422578299,253,140,60,100,3Dportrait
16,0.5051187001,0.3632740892,0.9483639376,253,140,60,100,3Dportrait
17,0.0861984847,0.579608146,0.7828173278,253,140,60,100,3Dportrait
18,0.3239970371,0.122608563,0.7881233433,253,140,60,100,3Dportrait
19,0.3401034526,0.4819937545,0.2257311781,253,140,60,100,3Dportrait
20,0.3610565227,0.0098012759,0.5578056511,253,140,60,100,3Dportrait
21,0.4440446523,0.9359363997,0.2703147698,253,140,60,100,3Dportrait
22,0.5458639032,0.9179819464,0.4660711949,253,140,60,100,3Dportrait
23,0.6845008214,0.3578991863,0.0351920516,253,140,60,100,3Dportrait
24,0.9037631456,0.5154415582,0.3986737943,253,140,60,100,3Dportrait
25,0.3464151805,0.6657733123,0.9016815578,253,140,60,100,3Dportrait
26,0.3779040475,0.1246750296,0.1666765945,253,140,60,100,3Dportrait
27,0.2583354473,0.7228268965,0.9227010491,253,140,60,100,3Dportrait
28,0.5318654223,0.3244703383,0.1791737476,253,140,60,100,3Dportrait
29,0.2831255576,0.3007081361,0.7778447089,253,140,60,100,3Dportrait
30,0.5466306553,0.9403824747,0.6372539364,253,140,60,100,3Dportrait
31,0.0455296885,0.3501234805,0.2744440564,253,140,60,100,3Dportrait
32,0.3548497517,0.0355627789,0.6421721324,253,140,60,100,3Dportrait
33,0.0716670194,0.8411786427,0.4905084484,253,140,60,100,3Dportrait
34,0.3525199763,0.2758006831,0.603878941,253,140,60,100,3Dportrait
35,0.2765660479,0.3322149985,0.3500168301,253,140,60,100,3Dportrait
36,0.7559922913,0.556364762,0.751713932,253,140,60,100,3Dportrait
37,0.3120757789,0.1668979657,0.5166641257,253,140,60,100,3Dportrait
38,0.5280984526,0.5316013422,1.0,253,140,60,100,3Dportrait
39,0.6952650188,0.6044069397,0.9216737224,253,140,60,100,3Dportrait
40,0.1217126883,0.7617224406,0.34118361,254,178,76,100,3Dportrait
41,0.1529490026,0.3708203865,0.6798875458,254,178,76,100,3Dportrait
42,0.7566982161,0.330373164,0.5951621711,254,178,76,100,3Dportrait
43,0.0664193967,0.532825998,0.7287827782,254,178,76,100,3Dportrait
44,0.2859455296,0.1007684957,0.2549428913,254,178,76,100,3Dportrait
45,0.4203275178,0.9228348967,0.6754208368,254,178,76,100,3Dportrait
46,0.5264927905,0.5647033169,0.0864393998,254,178,76,100,3Dportrait
47,0.4292773321,0.3785029557,0.7058602724,254,178,76,100,3Dportrait
48,0.1662388753,0.648317229,0.1731571023,254,178,76,100,3Dportrait
49,0.8316389523,0.2733886859,0.6839284137,254,178,76,100,3Dportrait
50,0.6281019785,0.4859432506,0.3086699885,254,178,76,100,3Dportrait
51,0.8501341816,0.2987513735,0.7080218333,254,178,76,100,3Dportrait
52,0.354540248,0.223789755,0.7535541738,254,178,76,100,3Dportrait
53,0.4879779221,0.7160292735,0.2274279818,254,178,76,100,3Dportrait
54,0.3720194525,0.5795206812,0.2352663799,254,178,76,100,3Dportrait
55,0.7249813959,0.3974748957,0.7520886304,254,178,76,100,3Dportrait
56,0.5897601995,0.7853289675,0.7756384168,254,178,76,100,3Dportrait
57,0.6372366601,0.4114182096,0.9040464966,254,178,76,100,3Dportrait
58,0.8951182133,0.4299076008,0.379351405,254,178,76,100,3Dportrait
59,0.5507281499,0.2897557883,0.9181345895,254,178,76,100,3Dportrait
60,0.5854155195,0.6525824042,0.6852661749,254,178,76,100,3Dportrait
61,0.6111943718,0.0470221537,0.5559327556,254,178,76,100,3Dportrait
62,0.4262635476,0.2656895491,0.8268982898,254,178,76,100,3Dportrait
63,0.5370534849,0.8747271951,0.2402604698,254,178,76,100,3Dportrait
64,0.3177641759,0.407146467,0.2541235647,254,178,76,100,3Dportrait
65,0.5843771317,0.1930051485,0.447084886,254,178,76,100,3Dportrait
66,0.2699577869,0.722827195,0.9035829322,254,178,76,100,3Dportrait
67,0.3585494834,0.1671605092,0.3659162386,254,178,76,100,3Dportrait
68,0.6744602899,0.5827862806,0.4595273179,254,178,76,100,3Dportrait
69,0.3151524779,0.8411864041,0.7544860739,254,178,76,100,3Dportrait
70,0.542027161,0.9422875942,0.641150919,254,178,76,100,3Dportrait
71,0.0526514035,0.655404411,0.5871594604,254,178,76,100,3Dportrait
72,0.8904506118,0.650421607,0.4591327887,254,178,76,100,3Dportrait
73,0.523416837,0.6297693289,0.2947305523,254,178,76,100,3Dportrait
74,0.5312751886,0.1495366607,0.8097808506,254,178,76,100,3Dportrait
75,0.3716161734,0.2129524846,0.156493834,254,178,76,100,3Dportrait
76,0.9900855958,0.4804155083,0.5112370377,254,178,76,100,3Dportrait
77,0.2658538816,0.4747238815,0.59483951,254,178,76,100,3Dportrait
78,0.2932431668,0.3913087801,0.2328814612,254,178,76,100,3Dportrait
79,0.6270990733,0.825560364,0.3790740715,254,178,76,100,3Dportrait
80,0.315011442,0.0975246879,0.2093418139,254,178,76,100,3Dportrait
81,0.3930986497,0.8491940556,0.8423117683,254,178,76,100,3Dportrait
82,0.279760078,0.8524036835,0.7184537466,254,178,76,100,3Dportrait
83,0.5184956393,0.5985982953,0.2166067579,254,178,76,100,3Dportrait
84,0.5898313138,0.5772170448,0.9621333952,254,178,76,100,3Dportrait
85,0.2265120301,0.745727138,0.2123058526,254,178,76,100,3Dportrait
86,0.2414753992,0.5975299119,0.2352981391,254,178,76,100,3Dportrait
87,0.3948323772,0.425110025,0.9565455731,254,178,76,100,3Dportrait
88,0.2341200655,0.4486969991,0.1851495383,254,178,76,100,3Dportrait
89,0.2433501625,0.6900435861,0.346484556,254,178,76,100,3Dportrait
90,0.5183961985,0.0540936637,0.4018933973,254,178,76,100,3Dportrait
91,0.743431601,0.5115301227,0.6843851193,254,178,76,100,3Dportrait
92,0.2790811379,0.8814586971,0.2944044618,254,178,76,100,3Dportrait
93,0.7010726851,0.2336161062,0.1138384555,254,178,76,100,3Dportrait
94,0.5316575956,0.5458176476,0.961324655,254,178,76,100,3Dportrait
95,0.6982430225,0.8156723696,0.2329329021,254,178,76,100,3Dportrait
96,0.3005516873,0.3121178082,0.4190956767,254,178,76,100,3Dportrait
97,0.1833382072,0.1364436654,0.3654818986,254,178,76,100,3Dportrait
98,0.3204387885,0.1635471404,0.5396580523,254,178,76,100,3Dportrait
99,0.1233715743,0.5566102902,0.5185790686,254,178,76,100,3Dportrait
100,0.0399800164,0.603470649,0.5903417874,254,178,76,100,3Dportrait
101,0.3327375338,0.2771793723,0.674003454,254,178,76,100,3Dportrait
102,0.3247253248,0.0889744863,0.2215115345,254,178,76,100,3Dportrait
103,0.7466511249,0.1523494136,0.6274943331,254,178,76,100,3Dportrait
104,0.463272791,0.4524215646,0.4970308545,254,178,76,100,3Dportrait
105,0.3061935693,0.2592898459,0.3948634412,254,178,76,100,3Dportrait
106,0.7505385565,0.5793087359,0.1531412302,254,178,76,100,3Dportrait
107,0.5002018259,0.8803565815,0.4389757151,254,178,76,100,3Dportrait
108,0.2281475095,0.2073101127,0.2926023907,254,178,76,100,3Dportrait
109,0.8426592805,0.7761000931,0.4048599708,254,178,76,100,3Dportrait
110,0.2008475272,0.2128150186,0.3188855519,254,178,76,100,3Dportrait
111,0.5951941058,0.8646965108,0.7283093729,254,178,76,100,3Dportrait
112,0.7570208394,0.5934493679,0.8708695112,254,178,76,100,3Dportrait
113,0.5336371667,0.3856510348,0.504640527,254,178,76,100,3Dportrait
114,0.470023877,0.7794900238,0.5576581872,254,178,76,100,3Dportrait
115,0.4563487647,0.5375638709,0.5991750075,254,178,76,100,3Dportrait
116,0.182412678,0.1787537676,0.3242376405,254,178,76,100,3Dportrait
117,0.5029329423,0.4413626471,0.5818258607,254,178,76,100,3Dportrait
118,0.7882183912,0.6274970365,0.2748688537,254,178,76,100,3Dportrait
119,0.4113195598,0.1532604799,0.5111149215,254,178,76,100,3Dportrait
120,0.294938728,0.8548300094,0.4921086327,254,178,76,100,3Dportrait
121,0.6052365754,0.0788972337,0.6648876818,254,217,118,100,3Dportrait
122,0.1932369573,0.1130749053,0.5554006033,254,217,118,100,3Dportrait
123,0.5773940671,0.6895728287,0.9036952075,254,217,118,100,3Dportrait
124,0.1250981455,0.619346695,0.3854083083,254,217,118,100,3Dportrait
125,0.3396383026,0.807890395,0.6390340893,254,217,118,100,3Dportrait
126,0.5071370337,0.3380114039,0.2708734625,254,217,118,100,3Dportrait
127,0.7204227766,0.8419541834,0.6672485948,254,217,118,100,3Dportrait
128,0.4189902115,0.3346375929,0.3964038348,254,217,118,100,3Dportrait
129,0.7987251162,0.2601288209,0.6695881859,254,217,118,100,3Dportrait
130,0.1468664208,0.5938638553,0.7198888728,254,217,118,100,3Dportrait
131,0.3355160597,0.5230141248,0.8080746534,254,217,118,100,3Dportrait
132,0.5630692357,0.7045667644,0.2164323062,254,217,118,100,3Dportrait
133,0.8326534863,0.7218967253,0.3746601454,254,217,118,100,3Dportrait
134,0.5812103844,0.3381339441,0.2156328105,254,217,118,100,3Dportrait
135,0.248722496,0.9171753603,0.6258190004,254,217,118,100,3Dportrait
136,0.1168087847,0.4095147318,0.4505203917,254,217,118,100,3Dportrait
137,0.8659659798,0.3657098182,0.3719041067,254,217,118,100,3Dportrait
138,0.5659820886,0.5154993207,0.8799044691,254,217,118,100,3Dportrait
139,0.0899992971,0.4979184584,0.1711877365,254,217,118,100,3Dportrait
140,0.8934462077,0.5912128973,0.6739226396,254,217,118,100,3Dportrait
141,0.4506296558,0.2337343179,0.1290027812,254,217,118,100,3Dportrait
142,0.5801424775,0.4252373414,0.0855602826,254,217,118,100,3Dportrait
143,0.5435554472,0.2651399839,0.9146222953,254,217,118,100,3Dportrait
144,0.2246660406,0.7690757484,0.4250980079,254,217,118,100,3Dportrait
145,0.1042185752,0.2784737312,0.4833331159,254,217,118,100,3Dportrait
146,0.4277402498,0.7365472201,0.8807786659,254,217,118,100,3Dportrait
147,0.6624534561,0.3617488293,0.394337104,254,217,118,100,3Dportrait
148,0.5528657527,0.8662586371,0.7226540067,254,217,118,100,3Dportrait
149,0.6670061119,0.799058545,0.3310145671,254,217,118,100,3Dportrait
150,0.101916828,0.6045266441,0.5816375423,254,217,118,100,3Dportrait
151,0.5236737131,0.480604468,0.2969857505,254,217,118,100,3Dportrait
152,0.5133121983,0.4664036853,0.5734140085,254,217,118,100,3Dportrait
153,0.7132788477,0.4810385081,0.5748984881,254,217,118,100,3Dportrait
154,0.7554885279,0.6003231121,0.5556062178,254,217,118,100,3Dportrait
155,0.9235931467,0.7081505803,0.4457723234,254,217,118,100,3Dportrait
156,0.6282738753,0.8602987951,0.3140328126,254,217,118,100,3Dportrait
157,0.4891163469,0.3026578836,0.7286056426,254,217,118,100,3Dportrait
158,0.4800733536,0.48142195,0.7522638276,254,217,118,100,3Dportrait
159,0.2680855581,0.4322507904,0.052159343,254,217,118,100,3Dportrait
160,0.0769758421,0.3807533073,0.5834499016,254,217,118,100,3Dportrait
161,0.0399528081,0.5417179987,0.6652288318,254,217,118,100,3Dportrait
162,0.1523721868,0.6679232137,0.6864684006,254,217,118,100,3Dportrait
163,0.9827806534,0.4695309233,0.4463316125,254,217,118,100,3Dportrait
164,0.0766366702,0.3562591476,0.6706070136,254,217,118,100,3Dportrait
165,0.6771733669,0.751603396,0.6377792299,254,217,118,100,3Dportrait
166,0.3896862079,0.1974070433,0.1658951404,254,217,118,100,3Dportrait
167,0.6896371509,0.2195529387,0.1114448887,254,217,118,100,3Dportrait
168,0.6320235509,0.4468923297,0.6352423742,254,217,118,100,3Dportrait
169,0.2972913137,0.8916443104,0.2229381617,254,217,118,100,3Dportrait
170,0.8613113488,0.4160569757,0.4117472344,254,217,118,100,3Dportrait
171,0.7533731389,0.8107412085,0.7781956998,254,217,118,100,3Dportrait
172,0.0351631793,0.7232361599,0.4801530255,254,217,118,100,3Dportrait
173,0.4303037929,0.9063348061,0.6246925196,254,217,118,100,3Dportrait
174,0.0,0.4127916748,0.473224311,254,217,118,100,3Dportrait
175,0.5578872857,0.7550395965,0.3421156592,254,217,118,100,3Dportrait
176,0.784708894,0.268774398,0.7586058178,254,217,118,100,3Dportrait
177,0.3857779041,0.5488647344,0.2678104187,254,217,118,100,3Dportrait
178,0.7019345544,0.2511441315,0.7016802904,254,217,118,100,3Dportrait
179,0.1748349072,0.6555453099,0.1524741388,254,217,118,100,3Dportrait
180,0.2652536592,0.0510432933,0.5304033152,254,217,118,100,3Dportrait
181,0.7099832896,0.6286118389,0.717331888,254,217,118,100,3Dportrait
182,0.7234620549,0.8843814526,0.4401303766,254,217,118,100,3Dportrait
183,0.3689388773,0.122237211,0.5409020271,254,217,118,100,3Dportrait
184,0.9207630369,0.5881381979,0.3780628481,254,217,118,100,3Dportrait
185,0.5641173141,0.270782505,0.6658558142,254,217,118,100,3Dportrait
186,0.7268621226,0.6831829766,0.4077288812,254,217,118,100,3Dportrait
187,0.2200598627,0.501096593,0.4214035086,254,217,118,100,3Dportrait
188,0.6084227039,0.0450928544,0.466803743,254,217,118,100,3Dportrait
189,0.2917178624,0.7581626552,0.5454165985,254,217,118,100,3Dportrait
190,0.7856952506,0.454572063,0.8504260088,254,217,118,100,3Dportrait
191,0.9013343767,0.527607666,0.4139351867,254,217,118,100,3Dportrait
192,0.645222928,0.3682897298,0.0635104826,254,217,118,100,3Dportrait
193,0.3890756985,0.4078621556,0.5175004501,254,217,118,100,3Dportrait
194,0.2120357268,0.3953841001,0.7873658949,254,217,118,100,3Dportrait
195,0.2088367768,0.8513278373,0.2970586624,254,217,118,100,3Dportrait
196,0.325969452,0.3147060781,0.8378544529,254,217,118,100,3Dportrait
197,0.7794400265,0.4427971585,0.5094117064,254,217,118,100,3Dportrait
198,0.6146315621,0.5941435634,0.929922902,254,217,118,100,3Dportrait
199,0.6045361668,0.6617770986,0.3466564729,254,217,118,100,3Dportrait
200,0.6931424737,0.6065175865,0.8257504871,254,217,118,100,3Dportrait
201,0.4559086612,0.58222776,0.0550782032,254,217,118,100,3Dportrait
202,0.3102669119,0.2888820363,0.1470063455,254,217,118,100,3Dportrait
203,0.581462788,0.6387487944,0.5400652554,254,217,118,100,3Dportrait
204,0.7841481795,0.5805872736,0.6819685905,254,217,118,100,3Dportrait
205,0.1337979417,0.5816819262,0.3560662782,254,217,118,100,3Dportrait
206,0.4183907345,0.7442882981,0.3680192016,254,217,118,100,3Dportrait
207,0.0690639683,0.5363951866,0.664221336,254,217,118,100,3Dportrait
208,0.2117037111,0.3121451222,0.7241012103,254,217,118,100,3Dportrait
209,0.4310398332,0.8176309232,0.4294564674,254,217,118,100,3Dportrait
210,0.3715380521,0.6891452067,0.4170019581,254,217,118,100,3Dportrait
211,0.1859746536,0.6366409835,0.8355484102,254,217,118,100,3Dportrait
212,0.3748097563,0.3033477506,0.6867921054,254,217,118,100,3Dportrait
213,0.1458609811,0.2990204844,0.5246645998,254,217,118,100,3Dportrait
214,0.6276477118,0.8370740683,0.3476290784,254,217,118,100,3Dportrait
215,0.6227476844,0.8794261118,0.535446013,254,217,118,100,3Dportrait
216,0.0924271714,0.3087590722,0.2852320301,254,217,118,100,3Dportrait
217,0.3962081478,0.2940367847,0.0470315068,254,217,118,100,3Dportrait
218,0.6568030761,0.5104032304,0.6128126571,254,217,118,100,3Dportrait
219,0.6622760431,0.5425160772,0.5712351516,254,217,118,100,3Dportrait
220,0.7928496156,0.7761836772,0.3621204977,254,217,118,100,3Dportrait
221,0.6243658697,0.6412658687,0.8102092265,254,217,118,100,3Dportrait
222,0.7445919416,0.6598083955,0.4986653327,254,217,118,100,3Dportrait
223,0.124871534,0.3812698867,0.4971972545,254,217,118,100,3Dportrait
224,0.1445697426,0.7564790334,0.6355121033,254,217,118,100,3Dportrait
225,0.5341215489,0.4569189841,0.31367213,254,217,118,100,3Dportrait
226,0.5048275341,0.515962466,0.9803607646,254,217,118,100,3Dportrait
227,0.6619818954,0.3315191612,0.3633993628,254,217,118,100,3Dportrait
228,0.6740260008,0.3769045598,0.0531452187,254,217,118,100,3Dportrait
229,0.6941428444,0.4052011973,0.3624008132,254,217,118,100,3Dportrait
230,0.7617907142,0.4770615486,0.4121833636,254,217,118,100,3Dportrait
231,0.974931396,0.5874087777,0.6042816709,254,217,118,100,3Dportrait
232,0.3246574904,0.7335853592,0.8286189502,254,217,118,100,3Dportrait
233,0.6298038014,0.6189180282,0.1969746795,254,217,118,100,3Dportrait
234,0.6070558785,0.7525858072,0.7337299003,254,217,118,100,3Dportrait
235,0.6868781554,0.2738936232,0.8115823254,254,217,118,100,3Dportrait
236,0.5290854055,0.4513964658,0.3711348791,254,217,118,100,3Dportrait
237,0.6819840914,0.3507396145,0.2609417931,254,217,118,100,3Dportrait
238,0.4675409897,0.5753653594,0.0974566955,254,217,118,100,3Dportrait
239,0.6824294129,0.4239352212,0.0719730301,254,217,118,100,3Dportrait
240,0.460798998,0.5832833073,0.5945936375,254,217,118,100,3Dportrait
241,0.123851782,0.389895911,0.6912163197,254,217,118,100,3Dportrait
242,0.1791791399,0.6143097106,0.8245150112,254,217,118,100,3Dportrait
243,0.2425923556,0.3990222456,0.5779822574,254,217,118,100,3Dportrait
244,0.4205091052,0.7778884935,0.8491604139,254,217,118,100,3Dportrait
245,0.8713855738,0.6601646725,0.548417615,254,217,118,100,3Dportrait
246,0.5919863598,0.1402506208,0.5775322614,254,217,118,100,3Dportrait
247,0.6889714795,0.4330951387,0.6747521053,254,217,118,100,3Dportrait
248,0.1152977925,0.3498340707,0.3774871575,254,217,118,100,3Dportrait
249,0.8110943795,0.5776467564,0.6272187889,254,217,118,100,3Dportrait
250,0.5125366501,0.5105195018,0.3023769044,254,217,118,100,3Dportrait
251,0.1594667681,0.3763355912,0.5030212574,254,217,118,100,3Dportrait
252,0.3022524666,0.6781577834,0.8542426243,254,217,118,100,3Dportrait
253,0.1507856078,0.6661354104,0.5935233689,254,217,118,100,3Dportrait
254,0.6812586363,0.2285530017,0.4724719321,254,217,118,100,3Dportrait
255,0.6968551759,0.2172246749,0.1255932196,254,217,118,100,3Dportrait
256,0.7242639914,0.6899846295,0.5769313723,254,217,118,100,3Dportrait
257,0.3753582456,0.0243671418,0.6184204592,254,217,118,100,3Dportrait
258,0.3105750738,0.4963488691,0.8896882272,254,217,118,100,3Dportrait
259,0.5052897024,0.0958550963,0.733029857,254,217,118,100,3Dportrait
260,0.4917636767,0.3544571648,0.6254802361,254,217,118,100,3Dportrait
261,0.6208705357,0.7474179242,0.3884792546,254,217,118,100,3Dportrait
262,0.4819266484,0.3107638956,0.1270414669,254,217,118,100,3Dportrait
263,0.0362451749,0.5484256196,0.5123041752,254,217,118,100,3Dportrait
264,0.0953090143,0.4743079016,0.689717228,254,217,118,100,3Dportrait
265,0.4596200216,0.8241080909,0.7506772118,254,217,118,100,3Dportrait
266,0.7587263894,0.4533351682,0.807667003,254,217,118,100,3Dportrait
267,0.1928834731,0.5455327155,0.2537795818,254,217,118,100,3Dportrait
268,0.8395915267,0.3558910792,0.2995850808,254,217,118,100,3Dportrait
269,0.350290238,0.0390030093,0.5599922615,254,217,118,100,3Dportrait
270,0.5423766199,0.759136708,0.1766664144,254,217,118,100,3Dportrait
271,0.3982668838,0.2446693519,0.8246741052,254,217,118,100,3Dportrait
272,0.2537428363,0.4662060687,0.4368645513,254,217,118,100,3Dportrait
273,0.3304885633,0.1939450214,0.8797006439,254,217,118,100,3Dportrait
274,0.1173019629,0.3672101521,0.2280014359,254,217,118,100,3Dportrait
275,0.5594558252,0.6258234149,0.3719364623,254,217,118,100,3Dportrait
276,0.0363956032,0.7138608642,0.470067779,254,217,118,100,3Dportrait
277,0.827796694,0.7278968668,0.2305825755,254,217,118,100,3Dportrait
278,0.2217838995,0.2294669038,0.3138775953,254,217,118,100,3Dportrait
279,0.5801499319,0.7896968317,0.2707385234,254,217,118,100,3Dportrait
280,0.936770459,0.3308740714,0.6137703522,254,217,118,100,3Dportrait
281,0.6586152231,0.5557977337,0.6097138284,254,217,118,100,3Dportrait
282,0.589645701,0.67433635,0.8248870258,254,217,118,100,3Dportrait
283,0.9930764209,0.4639357167,0.5210995228,254,217,118,100,3Dportrait
284,0.4883634599,0.8739934464,0.3836090701,254,217,118,100,3Dportrait
285,0.2747962416,0.1636155002,0.3209730081,254,217,118,100,3Dportrait
286,0.3657294913,0.5757317859,0.9209803887,254,217,118,100,3Dportrait
287,0.3910512443,0.1678856009,0.2398258316,254,217,118,100,3Dportrait
288,0.3755340187,0.5261344969,0.3588932904,254,217,118,100,3Dportrait
289,0.3610510065,0.0367814644,0.6656130728,254,217,118,100,3Dportrait
290,0.5870568132,0.8789165476,0.5478373022,254,217,118,100,3Dportrait
291,0.0884826397,0.493614327,0.2131004279,254,217,118,100,3Dportrait
292,0.585869488,0.5576998681,0.8911169419,254,217,118,100,3Dportrait
293,0.5371238537,0.4574273543,0.704076392,254,217,118,100,3Dportrait
294,0.2625471421,0.4584472291,0.5606359435,254,217,118,100,3Dportrait
295,0.5794693518,0.679466471,0.4996346579,254,217,118,100,3Dportrait
296,0.510410676,0.7583086288,0.1482272092,254,217,118,100,3Dportrait
297,0.062169983,0.5292296445,0.1677577477,254,217,118,100,3Dportrait
298,0.2420037619,0.9000092838,0.5847660428,254,217,118,100,3Dportrait
299,0.6917678958,0.2476909157,0.4408639683,254,217,118,100,3Dportrait
300,0.1890583597,0.1583070168,0.636007576,254,217,118,100,3Dportrait
301,0.4461472198,0.8104776202,0.4071454372,254,217,118,100,3Dportrait
302,0.5204658179,0.5863980076,0.9191471549,254,217,118,100,3Dportrait
303,0.852935965,0.3859580569,0.4468369261,254,217,118,100,3Dportrait
304,0.5458644996,0.7921783827,0.3073644337,254,217,118,100,3Dportrait
305,0.2115871254,0.4493201481,0.1142629546,254,217,118,100,3Dportrait
306,0.1293723076,0.381483026,0.2659521354,254,217,118,100,3Dportrait
307,0.7892676623,0.5918323149,0.2750546373,254,217,118,100,3Dportrait
308,0.2553361242,0.7635439761,0.7887012705,254,217,118,100,3Dportrait
309,0.8713529239,0.3861388075,0.3638032856,254,217,118,100,3Dportrait
310,0.768699981,0.3295407563,0.1712704892,254,217,118,100,3Dportrait
311,0.1916623053,0.1884762357,0.3739065737,254,217,118,100,3Dportrait
312,0.3927450165,0.6603045266,0.5144047525,254,217,118,100,3Dportrait
313,0.5382652603,0.1602946756,0.175306884,254,217,118,100,3Dportrait
314,0.896957494,0.6091104835,0.5318081732,254,217,118,100,3Dportrait
315,0.20314182,0.5584957078,0.2376796284,254,217,118,100,3Dportrait
316,0.3877395849,0.7121597793,0.5258708513,254,217,118,100,3Dportrait
317,0.8145590016,0.7827438319,0.554557271,254,217,118,100,3Dportrait
318,0.3671543114,0.3672394065,0.8383521621,254,217,118,100,3Dportrait
319,0.5979013684,0.5024531922,0.86588064,254,217,118,100,3Dportrait
320,0.1296165114,0.5099859071,0.2072643476,254,217,118,100,3Dportrait
321,0.5888981811,0.312793048,0.9212973839,254,217,118,100,3Dportrait
322,0.7712535353,0.38338725,0.4906608327,254,217,118,100,3Dportrait
323,0.3932201553,0.1875942746,0.2252531507,254,217,118,100,3Dportrait
324,0.2071972721,0.5879789404,0.8495980342,254,217,118,100,3Dportrait
325,0.1871211292,0.7577208537,0.6192008696,254,217,118,100,3Dportrait
326,0.1228072817,0.4924272841,0.4789142693,254,217,118,100,3Dportrait
327,0.1930890635,0.2929640729,0.4580801143,254,217,118,100,3Dportrait
328,0.2937882272,0.1123893668,0.3347086191,254,217,118,100,3Dportrait
329,0.6866232174,0.225152026,0.1305051532,254,217,118,100,3Dportrait
330,0.8585633857,0.3205471114,0.6087284,254,217,118,100,3Dportrait
331,0.206299473,0.4271444013,0.8219678673,254,217,118,100,3Dportrait
332,0.3027530992,0.9090602435,0.696629541,254,217,118,100,3Dportrait
333,0.5850696387,0.3569749854,0.7869901528,254,217,118,100,3Dportrait
334,0.8058094106,0.2109797515,0.6189496293,254,217,118,100,3Dportrait
335,0.8869840515,0.4559292592,0.5101892838,254,217,118,100,3Dportrait
336,0.2413553845,0.6029163076,0.704338815,254,217,118,100,3Dportrait
337,0.1326037585,0.6410958646,0.5726525343,254,217,118,100,3Dportrait
338,0.2657532482,0.7273162561,0.8136724654,254,217,118,100,3Dportrait
339,0.5934594839,0.3786766912,0.9138553042,254,217,118,100,3Dportrait
340,0.3873565815,0.2068326387,0.6033974841,254,217,118,100,3Dportrait
341,0.328029679,0.5025443884,0.5847524743,254,217,118,100,3Dportrait
342,0.4487689067,0.574873706,0.5636739378,254,217,118,100,3Dportrait
343,0.1317936222,0.3433403355,0.6813745601,254,217,118,100,3Dportrait
344,0.0764406214,0.2916752365,0.661946456,254,217,118,100,3Dportrait
345,0.8462376557,0.3252722975,0.3211526784,254,217,118,100,3Dportrait
346,0.3738679766,0.6535839203,0.6418602068,254,217,118,100,3Dportrait
347,0.3246713555,0.38958665,0.050366069,254,217,118,100,3Dportrait
348,0.2197396248,0.2144650575,0.3062117106,254,217,118,100,3Dportrait
349,0.1073848752,0.8342501211,0.6122342827,254,217,118,100,3Dportrait
350,0.4780590453,0.2296031757,0.6384739055,254,217,118,100,3Dportrait
351,0.4412269167,0.9318966029,0.2597765453,254,217,118,100,3Dportrait
352,0.4378674005,0.2046779611,0.3442781148,254,217,118,100,3Dportrait
353,0.8299842408,0.5316173128,0.2430770447,254,217,118,100,3Dportrait
354,0.4008845454,0.4873531346,0.178692738,254,217,118,100,3Dportrait
355,0.3734044665,0.8248116896,0.7228286075,254,217,118,100,3Dportrait
356,0.4240600485,0.89217089,0.2840632037,254,217,118,100,3Dportrait
357,0.0957263075,0.5597730514,0.7577848511,254,217,118,100,3Dportrait
358,0.350886286,0.4562492668,0.0090182582,254,217,118,100,3Dportrait
359,0.693521899,0.4664480147,0.8452607475,254,217,118,100,3Dportrait
360,0.2669697944,0.312346321,0.8475083414,254,217,118,100,3Dportrait
361,0.6658492003,0.4695701779,0.8740703271,254,217,118,100,3Dportrait
362,0.59734781,0.0666063468,0.4584170894,254,217,118,100,3Dportrait
363,0.4033574439,0.4799960954,0.0358996992,254,217,118,100,3Dportrait
364,0.4513406496,0.6314590702,0.5244419875,255,237,160,100,3Dportrait
365,0.7733189803,0.7473015035,0.1526126565,255,237,160,100,3Dportrait
366,0.3385273097,0.1848233137,0.7347748213,255,237,160,100,3Dportrait
367,0.7175601659,0.8454372506,0.406884356,255,237,160,100,3Dportrait
368,0.2825126629,0.1387623768,0.5836168981,255,237,160,100,3Dportrait
369,0.458395872,0.1251044428,0.5214129395,255,237,160,100,3Dportrait
370,0.6222594259,0.2037497302,0.4277168709,255,237,160,100,3Dportrait
371,0.7799430445,0.7553121402,0.7979315545,255,237,160,100,3Dportrait
372,0.2251459501,0.4239143251,0.8121693479,255,237,160,100,3Dportrait
373,0.5462969996,0.4764916844,0.3688875834,255,237,160,100,3Dportrait
374,0.3307947871,0.2289510708,0.2265870352,255,237,160,100,3Dportrait
375,0.2819313744,0.161821428,0.4487846718,255,237,160,100,3Dportrait
376,0.3487008263,0.3181734733,0.1564160017,255,237,160,100,3Dportrait
377,0.672692869,0.4960179658,0.5527829333,255,237,160,100,3Dportrait
378,0.5545049593,0.1073059633,0.280383913,255,237,160,100,3Dportrait
379,0.7032290729,0.0545384503,0.420738952,255,237,160,100,3Dportrait
380,0.5442299147,0.2848946289,0.4446483773,255,237,160,100,3Dportrait
381,0.4395839829,0.6868151518,0.2350553977,255,237,160,100,3Dportrait
382,0.7109217894,0.7707960874,0.1166839565,255,237,160,100,3Dportrait
383,0.8258093703,0.7342859727,0.2819399625,255,237,160,100,3Dportrait
384,0.3383139669,0.6594809251,0.0313846805,255,237,160,100,3Dportrait
385,0.3547902662,0.1356790205,0.8385759672,255,237,160,100,3Dportrait
386,0.4500541818,0.696674638,0.8492846176,255,237,160,100,3Dportrait
387,0.2914705278,0.901660666,0.6845313903,255,237,160,100,3Dportrait
388,0.387562321,0.1357318576,0.5528534595,255,237,160,100,3Dportrait
389,0.721358891,0.3944822878,0.0572267921,255,237,160,100,3Dportrait
390,0.5586379364,0.2194487571,0.565745589,255,237,160,100,3Dportrait
391,0.6700181073,0.7082238656,0.1893005941,255,237,160,100,3Dportrait
392,0.0404282451,0.5864675615,0.4094962111,255,237,160,100,3Dportrait
393,0.3133738754,0.476431086,0.2668609243,255,237,160,100,3Dportrait
394,0.6257086922,0.5913627515,0.47749465,255,237,160,100,3Dportrait
395,0.4324053168,0.5491241435,0.9304453625,255,237,160,100,3Dportrait
396,0.5305890924,0.8409043079,0.4731145704,255,237,160,100,3Dportrait
397,0.5828656923,0.3241931675,0.8653362612,255,237,160,100,3Dportrait
398,0.5868476448,0.7208790894,0.2291238909,255,237,160,100,3Dportrait
399,0.5923498328,0.7313781429,0.7551841789,255,237,160,100,3Dportrait
400,0.1023834689,0.5448607594,0.1507120276,255,237,160,100,3Dportrait
401,0.5165619868,0.3688992964,0.3127545439,255,237,160,100,3Dportrait
402,0.6327187415,0.3772215822,0.8385363055,255,237,160,100,3Dportrait
403,0.3036118377,0.2991560099,0.8276244264,255,237,160,100,3Dportrait
404,0.3775872385,0.5318728412,0.3382301577,255,237,160,100,3Dportrait
405,0.653314451,0.8332509931,0.5567526786,255,237,160,100,3Dportrait
406,0.4745303159,0.5475682859,0.32777901,255,237,160,100,3Dportrait
407,0.7485039724,0.3792983476,0.5791464615,255,237,160,100,3Dportrait
408,0.8370393142,0.648764553,0.3740430038,255,237,160,100,3Dportrait
409,0.7216053311,0.4724424845,0.1347901044,255,237,160,100,3Dportrait
410,0.7663544024,0.6801312628,0.3039893152,255,237,160,100,3Dportrait
411,0.1445045918,0.5589063145,0.1690573383,255,237,160,100,3Dportrait
412,0.8641897627,0.3266212845,0.510008868,255,237,160,100,3Dportrait
413,0.5389461385,0.7427416945,0.1724405084,255,237,160,100,3Dportrait
414,0.3593995748,0.3237868893,0.2743469896,255,237,160,100,3Dportrait
415,0.362001135,0.0014761542,0.4100642974,255,237,160,100,3Dportrait
416,0.4098500137,0.8826211126,0.6440313104,255,237,160,100,3Dportrait
417,0.1648918783,0.9098157837,0.4025340973,255,237,160,100,3Dportrait
418,0.5674883099,0.0542168009,0.6225100841,255,237,160,100,3Dportrait
419,0.4074040999,0.2616267667,0.8069319202,255,237,160,100,3Dportrait
420,0.5390943306,0.1647461239,0.6030469406,255,237,160,100,3Dportrait
421,0.139808962,0.6405494339,0.5790300113,255,237,160,100,3Dportrait
422,0.4839923915,0.2971882023,0.1650497206,255,237,160,100,3Dportrait
423,0.2222417443,0.7050660299,0.8001108588,255,237,160,100,3Dportrait
424,0.2772593003,0.4960500561,0.2244603646,255,237,160,100,3Dportrait
425,0.7545807399,0.4146806746,0.783025477,255,237,160,100,3Dportrait
426,0.5530213991,0.303715819,0.400585606,255,237,160,100,3Dportrait
427,0.4522675206,0.2006469705,0.1271477781,255,237,160,100,3Dportrait
428,0.2313269291,0.6844003187,0.8326150869,255,237,160,100,3Dportrait
429,0.1284019033,0.7307297694,0.2774941281,255,237,160,100,3Dportrait
430,0.2858392309,0.350509012,0.0642257345,255,237,160,100,3Dportrait
431,0.1762185794,0.458831865,0.2976677523,255,237,160,100,3Dportrait
432,0.445971745,0.4047035736,0.1613598435,255,237,160,100,3Dportrait
433,0.3251877913,0.7710143015,0.2356889407,255,237,160,100,3Dportrait
434,0.4174534274,0.3773969595,0.6902469945,255,237,160,100,3Dportrait
435,0.2428346212,0.7186082896,0.219604345,255,237,160,100,3Dportrait
436,0.3870994073,0.6828099827,0.2338697226,255,237,160,100,3Dportrait
437,0.2138747093,0.605014566,0.412668399,255,237,160,100,3Dportrait
438,0.2498792585,0.3734480604,0.4409267411,255,237,160,100,3Dportrait
439,0.5496311711,0.4817334498,0.5085360185,255,237,160,100,3Dportrait
440,0.9975224798,0.5424977186,0.5346915467,255,237,160,100,3Dportrait
441,0.6148249273,0.6216683916,0.3959313242,255,237,160,100,3Dportrait
442,0.3935375605,0.561751904,0.1324767556,255,237,160,100,3Dportrait
443,0.6417037401,0.0929042804,0.3274976507,255,237,160,100,3Dportrait
444,0.5967724851,0.2050506564,0.1597632377,255,237,160,100,3Dportrait
445,0.539804877,0.3862159735,0.1273089595,255,237,160,100,3Dportrait
446,0.1204391911,0.2404371625,0.524307943,255,237,160,100,3Dportrait
447,0.5732865838,0.4462575386,0.8775629396,255,237,160,100,3Dportrait
448,0.8091766793,0.5028948444,0.4974820432,255,237,160,100,3Dportrait
449,0.3122184547,0.3388323187,0.4269318382,255,237,160,100,3Dportrait
450,0.5684363513,0.6902126946,0.2154734183,255,237,160,100,3Dportrait
451,0.4633938493,0.59081647,0.0,255,237,160,100,3Dportrait
452,0.802411281,0.4608687787,0.7925163949,255,237,160,100,3Dportrait
453,0.5670115312,0.730669171,0.1614560156,255,237,160,100,3Dportrait
454,0.4667602234,0.5502886486,0.7462549358,255,237,160,100,3Dportrait
455,0.2354063842,0.5773471971,0.4105880998,255,237,160,100,3Dportrait
456,0.7334912557,0.4939132893,0.2610035222,255,237,160,100,3Dportrait
457,0.7324949104,0.8622788418,0.7073353584,255,237,160,100,3Dportrait
458,0.5681259531,0.1558562127,0.3350857031,255,237,160,100,3Dportrait
459,0.5739448009,0.5569525371,0.8576500984,255,237,160,100,3Dportrait
460,0.6250849141,0.6713838923,0.4511518472,255,237,160,100,3Dportrait
461,0.2323976687,0.4758962973,0.0972152961,255,237,160,100,3Dportrait
462,0.5487785451,0.1278443581,0.5430623952,255,237,160,100,3Dportrait
463,0.0439287226,0.5476496311,0.6800460433,255,237,160,100,3Dportrait
464,0.4525281239,0.7787691113,0.4485635506,255,237,160,100,3Dportrait
465,0.6887529186,0.2946747102,0.2818584026,255,237,160,100,3Dportrait
466,0.7139385556,0.6590694228,0.2143831697,255,237,160,100,3Dportrait
467,0.6111065598,0.3705487383,0.8012781942,255,237,160,100,3Dportrait
468,0.3986905878,0.1058226448,0.7397359592,255,237,160,100,3Dportrait
469,0.7283992049,0.6591489769,0.2400077385,255,237,160,100,3Dportrait
470,0.6297692133,0.2949684485,0.6137834734,255,237,160,100,3Dportrait
471,0.1584234605,0.7562882826,0.5534931157,255,237,160,100,3Dportrait
472,0.13596566,0.658307166,0.4374687208,255,237,160,100,3Dportrait
473,0.3582138895,0.0,0.4270669265,255,237,160,100,3Dportrait
474,0.4055376855,0.5485481598,0.5965826851,255,237,160,100,3Dportrait
475,0.4044374268,0.3505193108,0.506833698,255,237,160,100,3Dportrait
476,0.3117123059,0.4275533662,0.0225290949,255,237,160,100,3Dportrait
477,0.4306732294,0.2781455145,0.7445138482,255,237,160,100,3Dportrait
478,0.8846978094,0.3482483617,0.6897382516,255,237,160,100,3Dportrait
479,0.6545892901,0.18906819,0.5484332709,255,237,160,100,3Dportrait
480,0.3202127733,0.70279926,0.0807984967,255,237,160,100,3Dportrait
481,0.1884702133,0.4589527634,0.6264582093,255,237,160,100,3Dportrait
482,0.7126571568,0.4677431199,0.1151862067,255,237,160,100,3Dportrait
483,0.4577801446,0.7271338638,0.8080442362,255,237,160,100,3Dportrait
484,0.6451276617,0.7277046235,0.0853416961,255,237,160,100,3Dportrait
485,0.3302026153,0.1186087672,0.3499457075,255,237,160,100,3Dportrait
486,0.7738755203,0.2917755374,0.2419578699,255,237,160,100,3Dportrait
487,0.612235145,0.5064861231,0.7735294896,255,237,160,100,3Dportrait
488,0.4916353131,1.0,0.5403746462,255,237,160,100,3Dportrait
489,0.1888242938,0.7489869164,0.4386098138,255,237,160,100,3Dportrait
490,0.4029883056,0.1048957572,0.7316889646,255,237,160,100,3Dportrait
491,0.6388299479,0.5121195395,0.1811030044,255,237,160,100,3Dportrait
492,0.195344892,0.1879866719,0.4473128661,255,237,160,100,3Dportrait
493,0.4961806637,0.6149879355,0.8725068224,255,237,160,100,3Dportrait
494,0.5711683622,0.3338008568,0.5370538016,255,237,160,100,3Dportrait
495,0.5873238272,0.7207740123,0.7341220439,255,237,160,100,3Dportrait
496,0.4491580226,0.797792545,0.1964271696,255,237,160,100,3Dportrait
497,0.3510812912,0.2556190131,0.9007329581,255,237,160,100,3Dportrait
498,0.5764701778,0.2272492396,0.2730454607,255,237,160,100,3Dportrait
499,0.2350357551,0.2072024982,0.5831305208,255,237,160,100,3Dportrait
500,0.8026590629,0.3799859758,0.2528466379,255,237,160,100,3Dportrait
501,0.0697795837,0.3490204694,0.2840979449,255,237,160,100,3Dportrait
502,0.2146213347,0.6550658956,0.4230798851,255,237,160,100,3Dportrait
503,0.7392940022,0.7923816711,0.780677387,255,237,160,100,3Dportrait
504,0.7115150048,0.255024223,0.3270925351,255,237,160,100,3Dportrait
505,0.8278127953,0.4310928526,0.1997586006,255,237,160,100,3Dportrait
506,0.3061709082,0.4432814983,0.8700683754,255,237,160,100,3Dportrait
507,0.765766256,0.7923112217,0.7825593779,255,237,160,100,3Dportrait
508,0.3388711033,0.6703993915,0.7816532728,255,237,160,100,3Dportrait
509,0.8328137543,0.5949274625,0.3930062016,255,237,160,100,3Dportrait
510,0.1237896129,0.7881227647,0.5297301105,255,237,160,100,3Dportrait
511,0.5412799393,0.5883870097,0.0849110837,255,237,160,100,3Dportrait
512,0.4150749007,0.4431464205,0.1725220683,255,237,160,100,3Dportrait
513,0.9008887571,0.6551805252,0.6158409597,255,237,160,100,3Dportrait
514,0.7150128733,0.4267987215,0.6559614208,255,237,160,100,3Dportrait
515,0.4138844447,0.9331026015,0.3182339673,255,237,160,100,3Dportrait
516,0.8463727281,0.3093063986,0.5044120996,255,237,160,100,3Dportrait
517,0.7799478152,0.5862051672,0.782572499,255,237,160,100,3Dportrait
518,0.5286050487,0.2043037731,0.7155469639,255,237,160,100,3Dportrait
519,0.7144041529,0.3374209422,0.0704642465,255,237,160,100,3Dportrait
520,0.3596057615,0.2068715949,0.6834657439,255,237,160,100,3Dportrait
521,0.6363400536,0.800973217,0.2405935682,255,237,160,100,3Dportrait
522,0.727210836,0.640501373,0.2335027776,255,237,160,100,3Dportrait
523,0.3463285612,0.8931162854,0.5542557827,255,237,160,100,3Dportrait
524,0.2856973005,0.8810533144,0.7095474656,255,237,160,100,3Dportrait
525,0.2909763059,0.6143032925,0.3538191316,255,237,160,100,3Dportrait
526,0.3635201778,0.0341882689,0.6321131282,255,237,160,100,3Dportrait
527,0.2358268083,0.4305440337,0.2906568815,255,237,160,100,3Dportrait
528,0.4689962234,0.5726252947,0.7234880946,255,237,160,100,3Dportrait
529,0.0754020845,0.5278896129,0.7046013872,255,237,160,100,3Dportrait
530,0.7150965108,0.084091386,0.3857306712,255,237,160,100,3Dportrait
531,0.0443459413,0.5146743759,0.3340239334,255,237,160,100,3Dportrait
532,0.4454945189,0.1690308518,0.5192117169,255,237,160,100,3Dportrait
533,0.8072170857,0.6148939035,0.640511561,255,237,160,100,3Dportrait
534,0.72766391,0.7697903921,0.4534699673,255,237,160,100,3Dportrait
535,0.131710581,0.5601264925,0.1315034046,255,237,160,100,3Dportrait
536,0.3012656628,0.8561548168,0.3383139542,255,237,160,100,3Dportrait
537,0.2415254923,0.8595931068,0.3380965605,255,237,160,100,3Dportrait
538,0.5534215473,0.0981714196,0.5546342087,255,237,160,100,3Dportrait
539,0.5480074695,0.9415192179,0.647048281,255,237,160,100,3Dportrait
540,0.4300917918,0.3586444277,0.9759954464,255,237,160,100,3Dportrait
541,0.4818379419,0.112625044,0.7666888956,255,237,160,100,3Dportrait
542,0.9515981593,0.6246365213,0.5274003603,255,237,160,100,3Dportrait
543,0.2704289004,0.7551366137,0.7863369281,255,237,160,100,3Dportrait
544,0.4489637628,0.4298055088,0.4838925542,255,237,160,100,3Dportrait
545,0.6434058612,0.3391106835,0.1740561995,255,237,160,100,3Dportrait
546,0.5095365816,0.6768153637,0.7215776249,255,237,160,100,3Dportrait
547,0.0204643643,0.3978946071,0.4754092812,255,237,160,100,3Dportrait
548,0.1825089879,0.6201883567,0.6976729709,255,237,160,100,3Dportrait
549,0.0934983582,0.3600026687,0.2738525607,255,237,160,100,3Dportrait
550,0.4511988683,0.5428972803,0.2070781167,255,237,160,100,3Dportrait
551,0.2759673164,0.8889660383,0.5339333527,255,237,160,100,3Dportrait
552,0.4509877617,0.789879224,0.2214022413,255,237,160,100,3Dportrait
553,0.7686105291,0.5693074553,0.2970037921,255,237,160,100,3Dportrait
554,0.5896419739,0.2691597802,0.329520694,255,237,160,100,3Dportrait
555,0.9394323992,0.3499889997,0.577586088,255,237,160,100,3Dportrait
556,0.4868123635,0.9893036284,0.5060960804,255,237,160,100,3Dportrait
557,0.0795375962,0.5404649841,0.7193799808,255,237,160,100,3Dportrait
558,0.2635446802,0.6279512263,0.3081603509,255,237,160,100,3Dportrait
559,0.7342937886,0.8591265287,0.4945630339,255,237,160,100,3Dportrait
560,0.4477579508,0.670491334,0.2749721828,255,237,160,100,3Dportrait
561,0.4640001843,0.2560761881,0.5004602468,255,237,160,100,3Dportrait
562,0.3974694199,0.1536116822,0.8623067659,255,237,160,100,3Dportrait
563,0.8375682733,0.6203807493,0.6159342988,255,237,160,100,3Dportrait
564,0.8327080519,0.3447761902,0.7386987916,255,237,160,100,3Dportrait
565,0.6384250289,0.432196013,0.7869838904,255,237,160,100,3Dportrait
566,0.6553588748,0.1304926295,0.5743900434,255,237,160,100,3Dportrait
567,0.5109272609,0.3189612531,0.3259532313,255,237,160,100,3Dportrait
568,0.4079713742,0.0231242767,0.3967372314,255,237,160,100,3Dportrait
569,0.5308875636,0.250918156,0.746804235,255,237,160,100,3Dportrait
570,0.851280359,0.8098385007,0.593072031,255,237,160,100,3Dportrait
571,0.8365883274,0.7415774879,0.489961684,255,237,160,100,3Dportrait
572,0.7064087907,0.3373342237,0.0709424231,255,237,160,100,3Dportrait
573,0.6014767618,0.6060022012,0.4598493826,255,237,160,100,3Dportrait
574,0.3299421611,0.4064355547,0.6285152483,255,237,160,100,3Dportrait
575,0.7237872127,0.2516211576,0.4683800706,255,237,160,100,3Dportrait
576,0.1931530216,0.1554742634,0.4476868189,255,237,160,100,3Dportrait
577,0.4807308252,0.8466522046,0.2677561449,255,237,160,100,3Dportrait
578,0.4547571168,0.1661397388,0.1838979592,255,237,160,100,3Dportrait
579,0.2334585685,0.6253396722,0.5198631523,255,237,160,100,3Dportrait
580,0.2692971844,0.6224558728,0.5603544352,255,237,160,100,3Dportrait
581,0.2297033767,0.6562315947,0.1104427606,255,237,160,100,3Dportrait
582,0.204706036,0.2279237331,0.3655433294,255,237,160,100,3Dportrait
583,0.6324970498,0.5276851305,0.7651340389,255,237,160,100,3Dportrait
584,0.5464305812,0.6869884394,0.0745383646,255,237,160,100,3Dportrait
585,0.3784404608,0.7699542765,0.2926618832,255,237,160,100,3Dportrait
586,0.4266651867,0.0496199761,0.6762419526,255,237,160,100,3Dportrait
587,0.3662626247,0.5968891505,0.8556428601,255,237,160,100,3Dportrait
588,0.1468920637,0.7183551493,0.4614037919,255,237,160,100,3Dportrait
589,0.6898472139,0.4753077759,0.6721330932,255,237,160,100,3Dportrait
590,0.8795921917,0.6312023478,0.5439871383,255,237,160,100,3Dportrait
591,0.8115735436,0.4426899918,0.2095571201,255,237,160,100,3Dportrait
592,0.3744364435,0.177851209,0.2593141737,255,237,160,100,3Dportrait
593,0.1241317666,0.7819464996,0.5205196573,255,237,160,100,3Dportrait
594,0.3424687106,0.1263426809,0.6796486811,255,237,160,100,3Dportrait
595,0.7420705899,0.6991221584,0.4323040559,255,237,160,100,3Dportrait
596,0.4063888205,0.37248759,0.9892214198,255,237,160,100,3Dportrait
597,0.5502132049,0.8286541683,0.4549449042,255,237,160,100,3Dportrait
598,0.5487534986,0.8741540472,0.2367765054,255,237,160,100,3Dportrait
599,0.7644677122,0.4269918604,0.1935424542,255,237,160,100,3Dportrait
600,0.2876349783,0.8595957935,0.3421524879,255,237,160,100,3Dportrait
601,0.3165580658,0.6863251402,0.0879502708,255,237,160,100,3Dportrait
602,0.5163374625,0.6225396062,0.1988235693,255,237,160,100,3Dportrait
603,0.5739820725,0.3149480241,0.8892419589,255,237,160,100,3Dportrait
604,0.6818537898,0.7027700056,0.5747065913,255,237,160,100,3Dportrait
605,0.9993827817,0.5120759564,0.4662699506,255,237,160,100,3Dportrait
606,0.738039588,0.7817058969,0.7638709788,255,237,160,100,3Dportrait
607,0.4048052233,0.5232580112,0.7904460857,255,237,160,100,3Dportrait
608,0.4036356393,0.463279134,0.0772951488,255,237,160,100,3Dportrait
609,0.809581151,0.598916064,0.5046473858,255,237,160,100,3Dportrait
610,0.5454734456,0.5864671137,0.5933775452,255,237,160,100,3Dportrait
611,0.6866039852,0.7581250424,0.1318441073,255,237,160,100,3Dportrait
612,0.1374047924,0.4124983843,0.3332787116,255,237,160,100,3Dportrait
613,0.6953173482,0.4823725694,0.4219492293,255,237,160,100,3Dportrait
614,0.3756230233,0.7516201128,0.8499236774,255,237,160,100,3Dportrait
615,0.5410725599,0.4980786114,0.2761041805,255,237,160,100,3Dportrait
616,0.3625154836,0.040251397,0.5103009627,255,237,160,100,3Dportrait
617,0.7807264943,0.1508129595,0.5310838259,255,237,160,100,3Dportrait
618,0.1651404056,0.6322837165,0.1559015928,255,237,160,100,3Dportrait
619,0.2436511682,0.3826846961,0.4510515002,255,237,160,100,3Dportrait
620,0.5733824464,0.9250474862,0.5110685502,255,237,160,100,3Dportrait
621,0.2043910161,0.2120705235,0.3069022112,255,237,160,100,3Dportrait
622,0.3331089084,0.3513930627,0.1557553218,255,237,160,100,3Dportrait
623,0.3319118925,0.6507529581,0.5070988049,255,237,160,100,3Dportrait
624,0.7340531629,0.6003522173,0.1354149993,255,237,160,100,3Dportrait
625,0.2805520257,0.7413470348,0.2551945789,255,237,160,100,3Dportrait
626,0.473352234,0.7768105576,0.8429878059,255,237,160,100,3Dportrait
627,0.7125398257,0.7786574668,0.1556566149,255,237,160,100,3Dportrait
628,0.3234503367,0.1009726797,0.6592991142,255,237,160,100,3Dportrait
629,0.9002481322,0.6992061902,0.3886201579,255,237,160,100,3Dportrait
630,0.3596713596,0.6523091142,0.8823423197,255,237,160,100,3Dportrait
631,0.5004554221,0.1304345685,0.3945947558,255,237,160,100,3Dportrait
632,0.2929777927,0.4497637407,0.0412714696,255,237,160,100,3Dportrait
633,0.1309409962,0.4417578803,0.7036099946,255,237,160,100,3Dportrait
634,0.2019862502,0.3425849445,0.5325766553,255,237,160,100,3Dportrait
635,0.4756065716,0.090939458,0.5346326506,255,237,160,100,3Dportrait
636,0.6260557657,0.6546179746,0.5751184165,255,237,160,100,3Dportrait
637,0.4988564689,0.6407391398,0.044464383,255,237,160,100,3Dportrait
638,0.7164527511,0.8517869526,0.677115553,255,237,160,100,3Dportrait
639,0.3381504189,0.8738776228,0.2642771009,255,237,160,100,3Dportrait
640,0.3143788678,0.6539396004,0.7831253767,255,237,160,100,3Dportrait
641,0.1873478898,0.7099573393,0.1498755541,255,237,160,100,3Dportrait
642,0.4001765334,0.6286873631,0.2160379261,255,237,160,100,3Dportrait
643,0.5443296536,0.3091862465,0.2129985898,255,237,160,100,3Dportrait
644,0.5265285713,0.0836660029,0.3695695852,255,237,160,100,3Dportrait
645,0.3916565356,0.8020520484,0.6824088947,255,237,160,100,3Dportrait
646,0.5551309736,0.2867660163,0.5345695796,255,237,160,100,3Dportrait
647,0.0354170737,0.4623661274,0.5143319898,255,237,160,100,3Dportrait
648,0.4778774579,0.6034136327,0.0459794289,255,237,160,100,3Dportrait
649,0.591058296,0.8084698117,0.4521348899,255,237,160,100,3Dportrait
650,0.476325467,0.6143876229,0.4520358849,255,237,160,100,3Dportrait
651,0.7030091702,0.8672410484,0.6886591859,255,237,160,100,3Dportrait
652,0.7126160089,0.5522985467,0.6861615445,255,237,160,100,3Dportrait
653,0.7673213777,0.1675264879,0.6088527527,255,237,160,100,3Dportrait
654,0.2547113025,0.656901909,0.8378277632,255,237,160,100,3Dportrait
655,0.7834239171,0.6217707821,0.331213621,255,237,160,100,3Dportrait
656,0.1945963284,0.3745998786,0.240057241,255,237,160,100,3Dportrait
657,0.3701421548,0.6267068686,0.5599014572,255,237,160,100,3Dportrait
658,0.4371245022,0.5336246735,0.2354906324,255,237,160,100,3Dportrait
659,0.6076289671,0.2637705486,0.5262255698,255,237,160,100,3Dportrait
660,0.5569599674,0.3306880968,0.5076418417,255,237,160,100,3Dportrait
661,0.2257427436,0.8710826315,0.5162435033,255,237,160,100,3Dportrait
662,0.6813446592,0.178040915,0.6180181765,255,237,160,100,3Dportrait
663,0.3208535473,0.5469976755,0.7586395153,255,237,160,100,3Dportrait
664,0.5870651621,0.7394875879,0.1732072013,255,237,160,100,3Dportrait
665,0.4920041533,0.6910974916,0.1787918922,255,237,160,100,3Dportrait
666,0.2937391777,0.5196324033,0.6708925478,255,237,160,100,3Dportrait
667,0.3396263757,0.5235874219,0.4975829866,255,237,160,100,3Dportrait
668,0.2661304372,0.2232616829,0.3060658868,255,237,160,100,3Dportrait
669,0.4502962983,0.4752774767,0.9137691221,255,237,160,100,3Dportrait
670,0.2035443537,0.5418278521,0.6522548441,255,237,160,100,3Dportrait
671,0.5673378816,0.5307166945,0.3219639534,255,237,160,100,3Dportrait
672,0.8554534404,0.3588330889,0.3779577298,255,237,160,100,3Dportrait
673,0.4896095252,0.5303584771,0.3313376755,255,237,160,100,3Dportrait
674,0.4322525031,0.1447720707,0.3183246226,255,237,160,100,3Dportrait
675,0.1104372731,0.4156560707,0.2641485732,255,237,160,100,3Dportrait
676,0.2210896035,0.1496154685,0.608385908,255,237,160,100,3Dportrait
677,1.0,0.5249868579,0.5298295629,255,237,160,100,3Dportrait
678,0.4933928944,0.6158655682,0.5472411843,255,237,160,100,3Dportrait
679,0.7134112365,0.4451982599,0.556372016,255,237,160,100,3Dportrait
680,0.7843503409,0.4523358909,0.8514238129,255,237,160,100,3Dportrait
681,0.0494647532,0.5919769451,0.4266673277,255,237,160,100,3Dportrait
682,0.5465295746,0.5346017115,0.8403444899,255,237,160,100,3Dportrait
683,0.4844459128,0.1174932185,0.5598535948,255,237,160,100,3Dportrait
684,0.8422349802,0.3274321991,0.6774784722,255,237,160,100,3Dportrait
685,0.7626142683,0.2475207624,0.7258270893,255,237,160,100,3Dportrait
686,0.4064141652,0.0293381545,0.4065057809,255,237,160,100,3Dportrait
687,0.3531470343,0.8363164385,0.6343930777,255,237,160,100,3Dportrait
688,0.6233097406,0.8283222201,0.5735359756,255,237,160,100,3Dportrait
689,0.7695083282,0.3502139304,0.2810635291,255,237,160,100,3Dportrait
690,0.6202519756,0.770417571,0.6456642975,255,237,160,100,3Dportrait
691,0.3085328863,0.2357261559,0.8347274435,255,237,160,100,3Dportrait
692,0.2092540701,0.5671868083,0.3894822773,255,237,160,100,3Dportrait
693,0.3113288553,0.7069481639,0.5390746083,255,237,160,100,3Dportrait
694,0.6371703165,0.7111337849,0.7261279812,255,237,160,100,3Dportrait
695,0.6975239781,0.8065243927,0.2391077467,255,237,160,100,3Dportrait
696,0.3711118136,0.3990273203,0.9188198715,255,237,160,100,3Dportrait
697,0.4708666632,0.5526061659,0.731116256,255,237,160,100,3Dportrait
698,0.6548296176,0.7638893574,0.4612613976,255,237,160,100,3Dportrait
699,0.5657672549,0.1794727398,0.7131469856,255,237,160,100,3Dportrait
700,0.4369751175,0.7210847659,0.7459363005,255,237,160,100,3Dportrait
701,0.1185982704,0.8190834948,0.5962964054,255,237,160,100,3Dportrait
702,0.5791187002,0.2540386773,0.7584576084,255,237,160,100,3Dportrait
703,0.7262080799,0.3752743721,0.0762014708,255,237,160,100,3Dportrait
704,0.2779178156,0.8617212167,0.447453173,255,237,160,100,3Dportrait
705,0.5684950914,0.6144341911,0.9439868401,255,237,160,100,3Dportrait
706,0.4617574754,0.6809648645,0.8517827062,255,237,160,100,3Dportrait
707,0.4886421026,0.5864548746,0.6713684878,255,237,160,100,3Dportrait
708,0.3181683496,0.1865302197,0.8095009824,255,237,160,100,3Dportrait
709,0.6833786469,0.5736718866,0.2105625284,255,237,160,100,3Dportrait
710,0.8967225336,0.3676929993,0.6237146954,255,237,160,100,3Dportrait
711,0.374490562,0.5452134543,0.31247229,255,237,160,100,3Dportrait
712,0.3717103961,0.6782936075,0.3255639207,255,237,160,100,3Dportrait
713,0.724051394,0.8501484065,0.6352929204,255,237,160,100,3Dportrait
714,0.2759620983,0.4387861684,0.0815003293,255,237,160,100,3Dportrait
715,0.2634884745,0.6607661793,0.5718986644,255,237,160,100,3Dportrait
716,0.2075425566,0.5975240909,0.6955582287,255,237,160,100,3Dportrait
717,0.3213410603,0.064838544,0.3563015644,255,237,160,100,3Dportrait
718,0.6538644313,0.0580128606,0.4692204208,255,237,160,100,3Dportrait
719,0.366635192,0.6939642756,0.6875561144,255,237,160,100,3Dportrait
720,0.3611655049,0.5313046188,0.4578079995,255,237,160,100,3Dportrait
721,0.5843377729,0.7363743802,0.5258659309,255,237,160,100,3Dportrait
722,0.5664448532,0.7519726585,0.690839683,255,237,160,100,3Dportrait
723,0.2812755427,0.6738057405,0.9684792621,255,237,160,100,3Dportrait
724,0.8782544381,0.5494999733,0.5906574406,255,237,160,100,3Dportrait
725,0.2299854484,0.4892419851,0.2816265459,255,237,160,100,3Dportrait
726,0.4949964693,0.5975757339,0.1974298941,255,237,160,100,3Dportrait
727,0.8562738636,0.4507698838,0.4789542292,255,237,160,100,3Dportrait
728,0.1783245759,0.5296365198,0.3897157742,255,237,160,100,3Dportrait
729,0.3218121738,0.5919729152,0.7133900252,255,237,160,100,3Dportrait
730,0.2361671728,0.6337459898,0.1201467482,255,237,160,100,3Dportrait
731,0.3982825379,0.1600279529,0.735524218,255,237,160,100,3Dportrait
732,0.3451035171,0.0367193734,0.4121620418,255,237,160,100,3Dportrait
733,0.3647653486,0.6248538398,0.3538857811,255,237,160,100,3Dportrait
734,0.7058549342,0.272763895,0.7912600445,255,237,160,100,3Dportrait
735,0.6843116305,0.727263419,0.5871062303,255,237,160,100,3Dportrait
736,0.6157538855,0.1010340244,0.4963169444,255,237,160,100,3Dportrait
737,0.4946739951,0.3905329409,0.3756311107,255,237,160,100,3Dportrait
738,0.8700440931,0.6660913795,0.4655041524,255,237,160,100,3Dportrait
739,0.3941362921,0.1346998929,0.1658381826,255,237,160,100,3Dportrait
740,0.188691905,0.7912010462,0.4955757484,255,237,160,100,3Dportrait
741,0.4730650933,0.4365323839,0.474612022,255,237,160,100,3Dportrait
742,0.6188742669,0.4933029764,0.7545082904,255,237,160,100,3Dportrait
743,0.5776706227,0.174994873,0.4939069762,255,237,160,100,3Dportrait
744,0.3624615142,0.6990432013,0.8783839063,255,237,160,100,3Dportrait
745,0.407192397,0.4860775821,0.7041697311,255,237,160,100,3Dportrait
746,0.569691809,0.6557951665,0.2165684382,255,237,160,100,3Dportrait
747,0.5464307303,0.207912515,0.672878166,255,237,160,100,3Dportrait
748,0.3184356617,0.7743961723,0.5927431076,255,237,160,100,3Dportrait
749,0.3406067688,0.4732129504,0.9070487059,255,237,160,100,3Dportrait
750,0.8521303013,0.6698749015,0.4631256451,255,237,160,100,3Dportrait
751,0.4349648346,0.4982514513,0.023779332,255,237,160,100,3Dportrait
752,0.4111126277,0.802477133,0.3672468428,255,237,160,100,3Dportrait
753,0.45228884,0.6568992224,0.5290387152,255,237,160,100,3Dportrait
754,0.2144780625,0.3625930283,0.4492931165,255,237,160,100,3Dportrait
755,0.2593812894,0.5902080974,0.3117102193,255,237,160,100,3Dportrait
756,0.856452022,0.3804277773,0.5653637337,255,237,160,100,3Dportrait
757,0.6352320424,0.5227242672,0.211672906,255,237,160,100,3Dportrait
758,0.3562888841,0.6779655401,0.4084766378,255,237,160,100,3Dportrait
759,0.5019679051,0.4685585123,0.540454566,255,237,160,100,3Dportrait
760,0.8546394279,0.6662516818,0.7175315383,255,237,160,100,3Dportrait
761,0.184491988,0.7783568627,0.4975798555,255,237,160,100,3Dportrait
762,0.6763125412,0.5695250724,0.5864591188,255,237,160,100,3Dportrait
763,0.3846986667,0.6014879157,0.3900443994,255,237,160,100,3Dportrait
764,0.8162135641,0.2545866007,0.723894403,255,237,160,100,3Dportrait
765,0.4927176814,0.6297617168,0.4772730814,255,237,160,100,3Dportrait
766,0.7152338195,0.4375495721,0.7937977948,255,237,160,100,3Dportrait
767,0.5233883614,0.2769857856,0.1628021267,255,237,160,100,3Dportrait
768,0.340855147,0.6524164301,0.0289277446,255,237,160,100,3Dportrait
769,0.1754662887,0.6185218995,0.7868139119,255,237,160,100,3Dportrait
770,0.7020782739,0.4179261242,0.1066585007,255,237,160,100,3Dportrait
771,0.0586651074,0.5536814152,0.545739856,255,237,160,100,3Dportrait
772,0.1007111652,0.5774206317,0.3734184071,255,237,160,100,3Dportrait
773,0.373867082,0.3670776117,0.8162881972,255,237,160,100,3Dportrait
774,0.3494148018,0.3049445047,0.1530417778,255,237,160,100,3Dportrait
775,0.2588222148,0.7258804014,0.3641047739,255,237,160,100,3Dportrait
776,0.9058117438,0.7561106665,0.4916377622,255,237,160,100,3Dportrait
777,0.6926800073,0.4767004953,0.1311706044,255,237,160,100,3Dportrait
778,0.3940067359,0.5139592844,0.5054890779,255,237,160,100,3Dportrait
779,0.5263684523,0.1678633616,0.315839655,255,237,160,100,3Dportrait
780,0.1536006599,0.2311360477,0.5335019948,255,237,160,100,3Dportrait
781,0.3930323062,0.4183306114,0.9703347124,255,237,160,100,3Dportrait
782,0.3998971452,0.8443736434,0.7035791301,255,237,160,100,3Dportrait
783,0.4433672031,0.2413822595,0.4546447578,255,237,160,100,3Dportrait
784,0.4975929605,0.644205341,0.2522997244,255,237,160,100,3Dportrait
785,0.1072565117,0.6144321015,0.4218376995,255,237,160,100,3Dportrait
786,0.7368293034,0.714958502,0.6064828935,255,237,160,100,3Dportrait
787,0.5137105576,0.9125391315,0.4779652222,255,237,160,100,3Dportrait
788,0.722688743,0.2063478512,0.3912818137,255,237,160,100,3Dportrait
789,0.2915886043,0.0262621119,0.4965121216,255,237,160,100,3Dportrait
790,0.1155885113,0.8885961788,0.4349087539,255,237,160,100,3Dportrait
791,0.588291548,0.1463944971,0.6749642803,255,237,160,100,3Dportrait
792,0.1868909395,0.5391286839,0.3513920164,255,237,160,100,3Dportrait
793,0.2881645337,0.288560984,0.6041500121,255,237,160,100,3Dportrait
794,0.5263875354,0.7469044792,0.7567888363,255,237,160,100,3Dportrait
795,0.0703859187,0.5509088125,0.2001723642,255,237,160,100,3Dportrait
796,0.1623460765,0.7627851522,0.4427948653,255,237,160,100,3Dportrait
797,0.2463402422,0.5882337225,0.5834102399,255,237,160,100,3Dportrait
798,0.4089007797,0.2114630464,0.8531258352,255,237,160,100,3Dportrait
799,0.6382157114,0.8677422542,0.2745520077,255,237,160,100,3Dportrait
800,0.8992717644,0.5778316862,0.3555308457,255,237,160,100,3Dportrait
801,0.3537102833,0.6734682698,0.6568087789,255,237,160,100,3Dportrait
802,0.6039346026,0.8555551012,0.5074320524,255,237,160,100,3Dportrait
803,0.4969942289,0.7823644199,0.7599698213,255,237,160,100,3Dportrait
804,0.6445623255,0.2395083347,0.4156103703,255,237,160,100,3Dportrait
805,0.1334563844,0.7921043511,0.5188159948,255,237,160,100,3Dportrait
806,0.2998952592,0.2649140084,0.8915488962,255,237,160,100,3Dportrait
807,0.7435165803,0.3797522389,0.7494269746,255,237,160,100,3Dportrait
808,0.623472245,0.5329242093,0.3734097591,255,237,160,100,3Dportrait
809,0.2001721651,0.7633302397,0.4056221906,255,237,160,100,3Dportrait
810,0.5072224603,0.5978124559,0.1970732373,255,237,160,100,3Dportrait
811,0.3866522967,0.6090537657,0.5980601568,255,237,160,100,3Dportrait
812,0.200671456,0.2384374139,0.3715865152,255,237,160,100,3Dportrait
813,0.7244312665,0.3905756285,0.8098925296,255,237,160,100,3Dportrait
814,0.4293002914,0.1772261197,0.2040575676,255,237,160,100,3Dportrait
815,0.6161431505,0.1244229342,0.3006295544,255,237,160,100,3Dportrait
816,0.5549077911,0.2019874499,0.7052723553,255,237,160,100,3Dportrait
817,0.0531973585,0.5342972267,0.5535315845,255,237,160,100,3Dportrait
818,0.4629939992,0.1499386105,0.8271040534,255,237,160,100,3Dportrait
819,0.578348221,0.4452633361,0.0855128675,255,237,160,100,3Dportrait
820,0.6094539355,0.3482446302,0.8942288918,255,237,160,100,3Dportrait
821,0.2276410625,0.888774989,0.4298696346,255,237,160,100,3Dportrait
822,0.3867524829,0.5127847791,0.3480993525,255,237,160,100,3Dportrait
823,0.7270088238,0.5393294349,0.8491116569,255,237,160,100,3Dportrait
824,0.7187018707,0.4136690089,0.1566363774,255,237,160,100,3Dportrait
825,0.8065466436,0.2434505172,0.7060160861,255,237,160,100,3Dportrait
826,0.466383929,0.8520275553,0.6212517953,255,237,160,100,3Dportrait
827,0.4404963926,0.3539281971,0.4241853423,255,237,160,100,3Dportrait
828,0.3756342048,0.1129080357,0.5560126753,255,237,160,100,3Dportrait
829,0.5197819579,0.3549955357,0.6716813081,255,237,160,100,3Dportrait
830,0.1866394305,0.385090126,0.4459716755,255,237,160,100,3Dportrait
831,0.313967538,0.4421341578,0.5216054328,255,237,160,100,3Dportrait
832,0.901095391,0.7555205033,0.4830777007,255,237,160,100,3Dportrait
833,0.7228382768,0.5063716428,0.3641808169,255,237,160,100,3Dportrait
834,0.6836435737,0.621537493,0.5282022417,255,237,160,100,3Dportrait
835,0.630488854,0.845609792,0.6571697598,255,237,160,100,3Dportrait
836,0.4601889359,0.6657198782,0.2491400612,255,237,160,100,3Dportrait
837,0.6832644467,0.7632777012,0.7511386887,255,237,160,100,3Dportrait
838,0.2009448807,0.5426062286,0.6715924421,255,237,160,100,3Dportrait
839,0.3407421394,0.6446999795,0.0328584246,255,237,160,100,3Dportrait
840,0.60728085,0.223778113,0.5239104317,255,237,160,100,3Dportrait
841,0.4477603362,0.3776951755,0.3057217548,255,237,160,100,3Dportrait
842,0.2642367399,0.6697714663,0.103466482,255,237,160,100,3Dportrait
843,0.2525276319,0.6103821553,0.7734415182,255,237,160,100,3Dportrait
844,0.8544202706,0.372035042,0.530050386,255,237,160,100,3Dportrait
845,0.6626189422,0.3669238767,0.2129821884,255,237,160,100,3Dportrait
846,0.7722099255,0.3848005669,0.4699886047,255,237,160,100,3Dportrait
847,0.7667387475,0.2378744155,0.3932555035,255,237,160,100,3Dportrait
848,0.3142041384,0.2538049405,0.4939882379,255,237,160,100,3Dportrait
849,0.6686086431,0.5067085164,0.1322654752,255,237,160,100,3Dportrait
850,0.4921917041,0.4106865505,0.4016733198,255,237,160,100,3Dportrait
851,0.707811695,0.2461777457,0.4060712918,255,237,160,100,3Dportrait
852,0.5420580219,0.9424911811,0.5080087867,255,237,160,100,3Dportrait
853,0.2996458375,0.8759549852,0.3541547647,255,237,160,100,3Dportrait
854,0.1934218246,0.3531441488,0.6466594177,255,237,160,100,3Dportrait
855,0.7973284735,0.3763866372,0.6676851713,255,237,160,100,3Dportrait
856,0.6870163586,0.5089360316,0.4183292821,255,237,160,100,3Dportrait
857,0.35226802,0.6204965729,0.6763245562,255,237,160,100,3Dportrait
858,0.2919443248,0.5679429455,0.5633895965,255,237,160,100,3Dportrait
859,0.5919772655,0.2058821686,0.1804454557,255,237,160,100,3Dportrait
860,0.3875742479,0.3127455841,0.5607890734,255,237,160,100,3Dportrait
861,0.3067857411,0.3544131339,0.4475551601,255,237,160,100,3Dportrait
862,0.2849484388,0.8424180749,0.6445212661,255,237,160,100,3Dportrait
863,0.3834725789,0.5016130231,0.1539468392,255,237,160,100,3Dportrait
864,0.3480214389,0.833908919,0.2032588174,255,237,160,100,3Dportrait
865,0.8917779293,0.5766435985,0.3596889094,255,237,160,100,3Dportrait
866,0.6425754492,0.1474781047,0.5783653056,255,237,160,100,3Dportrait
867,0.2395602335,0.3722837046,0.6403450118,255,237,160,100,3Dportrait
868,0.4031737692,0.3154125127,0.3208918955,255,237,160,100,3Dportrait
869,0.4832450207,0.6025879416,0.3609038089,255,237,160,100,3Dportrait
870,0.5541839759,0.4348720462,0.2394460637,255,237,160,100,3Dportrait
871,0.7365083201,0.5689929703,0.3576324668,255,237,160,100,3Dportrait
872,0.2483858586,0.470951703,0.6811107951,255,237,160,100,3Dportrait
873,0.7053595196,0.2625093248,0.4287371896,255,237,160,100,3Dportrait
874,0.2058398392,0.635946191,0.7643306665,255,237,160,100,3Dportrait
875,0.7065559391,0.3686919781,0.0602111089,255,237,160,100,3Dportrait
876,0.2593326871,0.4570498827,0.8666224325,255,237,160,100,3Dportrait
877,0.2297771745,0.4780896326,0.5191839835,255,237,160,100,3Dportrait
878,0.7644964859,0.5987827773,0.5214701954,255,237,160,100,3Dportrait
879,0.4025660925,0.7816593287,0.1366121555,255,237,160,100,3Dportrait
880,0.3571984611,0.126565522,0.7387550038,255,237,160,100,3Dportrait
881,0.3974642019,0.1712210527,0.358555868,255,237,160,100,3Dportrait
882,0.5886800675,0.4590385863,0.6544727663,255,237,160,100,3Dportrait
883,0.1237666536,0.7881669448,0.5342056167,255,237,160,100,3Dportrait
884,0.6124425243,0.6099379657,0.8240240117,255,237,160,100,3Dportrait
885,0.2649869434,0.5071591241,0.8225699494,255,237,160,100,3Dportrait
886,0.7929611323,0.5732596381,0.8427065957,255,237,160,100,3Dportrait
887,0.3940847081,0.7929204898,0.45283881,255,237,160,100,3Dportrait
888,0.6446963543,0.1384472947,0.4740861322,255,237,160,100,3Dportrait
889,0.4152230927,0.9290201172,0.290671941,255,237,160,100,3Dportrait
890,0.4687308494,0.4472430842,0.4143555109,255,237,160,100,3Dportrait
891,0.4808572506,0.3377894583,0.6898500796,255,237,160,100,3Dportrait
892,0.2051078242,0.5986759091,0.8417547157,255,237,160,100,3Dportrait
893,0.6471225887,0.6439148864,0.4259575926,255,237,160,100,3Dportrait
894,0.6173312212,0.4681065613,0.5496019482,255,237,160,100,3Dportrait
895,0.2529496959,0.6304033737,0.1032988891,255,237,160,100,3Dportrait
896,0.4147905927,0.5617993678,0.7560853635,255,237,160,100,3Dportrait
897,0.2463776629,0.1607679703,0.6668567494,255,237,160,100,3Dportrait
898,0.5442139624,0.3884573696,0.789033176,255,237,160,100,3Dportrait
899,0.6150973084,0.7958026473,0.2731486407,255,237,160,100,3Dportrait
900,0.4932020636,0.2249061993,0.5621424905,255,237,160,100,3Dportrait
901,0.3790858565,0.5889117982,0.9210881909,255,237,160,100,3Dportrait
902,0.43372518,0.4066428731,0.863290405,255,237,160,100,3Dportrait
903,0.7226672745,0.3306173489,0.2903415265,255,237,160,100,3Dportrait
904,0.3361604118,0.5994363748,0.8840164596,255,237,160,100,3Dportrait
905,0.3111067164,0.6436718955,0.2757212814,255,237,160,100,3Dportrait
906,0.2455488908,0.7203080311,0.6182559974,255,237,160,100,3Dportrait
907,0.4270744293,0.8427628592,0.5156995718,255,237,160,100,3Dportrait
908,0.5470890964,0.386304483,0.8491750261,255,237,160,100,3Dportrait
909,0.6234211083,0.3078539763,0.8059798911,255,237,160,100,3Dportrait
910,0.4474502362,0.7423724321,0.8719320265,255,237,160,100,3Dportrait
911,0.1127572088,0.3647924832,0.3451037037,255,237,160,100,3Dportrait
912,0.8225555565,0.4894766175,0.3603282674,255,237,160,100,3Dportrait
913,0.2791419652,0.4261901997,0.2835116679,255,237,160,100,3Dportrait
914,0.793153603,0.5603084371,0.5538848119,255,237,160,100,3Dportrait
915,0.4789817419,0.7667079313,0.7468764013,255,237,160,100,3Dportrait
916,0.8578841474,0.5458019756,0.5492930047,255,237,160,100,3Dportrait
917,0.4871815018,0.3674426949,0.2389131659,255,237,160,100,3Dportrait
918,0.090781256,0.5180850533,0.6749762086,255,237,160,100,3Dportrait
919,0.6220448904,0.8320157401,0.562349596,255,237,160,100,3Dportrait
920,0.705613414,0.3570061801,0.5791387081,255,237,160,100,3Dportrait
921,0.2003428692,0.2342123889,0.4966203711,255,237,160,100,3Dportrait
922,0.2193305314,0.8516069483,0.3191678058,255,237,160,100,3Dportrait
923,0.6413839495,0.630543974,0.7795034911,255,237,160,100,3Dportrait
924,0.4658008515,0.1816911503,0.8601988824,255,237,160,100,3Dportrait
925,0.4026545008,0.5962931663,0.1682439759,255,237,160,100,3Dportrait
926,0.6191539532,0.5270195924,0.5745732923,255,237,160,100,3Dportrait
927,0.5831991989,0.2054700693,0.1680416418,255,237,160,100,3Dportrait
928,0.7684234255,0.3539932733,0.2707429965,255,237,160,100,3Dportrait
929,0.5843361329,0.6882742906,0.2207509549,255,237,160,100,3Dportrait
930,0.5815294296,0.5309534165,0.580480346,255,237,160,100,3Dportrait
931,0.3569614135,0.8853101312,0.2688793454,255,237,160,100,3Dportrait
932,0.4744760484,0.7764547283,0.8359735057,255,237,160,100,3Dportrait
933,0.3523045462,0.7395968442,0.4319381546,255,237,160,100,3Dportrait
934,0.5935614591,0.5527994541,0.2392432822,255,237,160,100,3Dportrait
935,0.7482733356,0.5658628965,0.1975306884,255,237,160,100,3Dportrait
936,0.1494369709,0.5183299845,0.2163783306,255,237,160,100,3Dportrait
937,0.2074016698,0.8989477662,0.4241902627,255,237,160,100,3Dportrait
938,0.1887509433,0.7502935144,0.2355340216,255,237,160,100,3Dportrait
939,0.5535366422,0.4516246801,0.1165360453,255,237,160,100,3Dportrait
940,0.7120110157,0.4147797814,0.2304892364,255,237,160,100,3Dportrait
941,0.8108785021,0.6125907148,0.7361719259,255,237,160,100,3Dportrait
942,0.3750230991,0.7718310372,0.2808690975,255,237,160,100,3Dportrait
943,0.319902077,0.2950693464,0.8408718708,255,237,160,100,3Dportrait
944,0.5918468148,0.8189205059,0.5475802468,255,237,160,100,3Dportrait
945,0.546247652,0.1062123555,0.4210774182,255,237,160,100,3Dportrait
946,0.4557744833,0.5929853271,0.7767168861,255,237,160,100,3Dportrait
947,0.2924723894,0.0723709604,0.4199843366,255,237,160,100,3Dportrait
948,0.4855080053,0.7621224501,0.7495228485,255,237,160,100,3Dportrait
949,0.5189892648,0.4611052022,0.7969686408,255,237,160,100,3Dportrait
950,0.5279606966,0.5464602001,0.3571733755,255,237,160,100,3Dportrait
951,0.6012264455,0.1299323178,0.7497403913,255,237,160,100,3Dportrait
952,0.3363044294,0.2244709651,0.8400167593,255,237,160,100,3Dportrait
953,0.6866736086,0.3025620604,0.1695711508,255,237,160,100,3Dportrait
954,0.6264717171,0.1270032935,0.3030049305,255,237,160,100,3Dportrait
955,0.2175988912,0.500292992,0.407678484,255,237,160,100,3Dportrait
956,0.5966360709,0.3288498445,0.6741103616,255,237,160,100,3Dportrait
957,0.4553574883,0.5898537607,0.9027619655,255,237,160,100,3Dportrait
958,0.4810620955,0.2945993353,0.1546169126,255,237,160,100,3Dportrait
959,0.5113997162,0.5163944165,0.7197369358,255,237,160,100,3Dportrait
960,0.5705366825,0.7024561176,0.4361279775,255,237,160,100,3Dportrait
961,0.706762573,0.7064935263,0.3732382895,255,237,160,100,3Dportrait
962,0.936951301,0.6545037928,0.5735112244,255,237,160,100,3Dportrait
963,0.019748078,0.3864909053,0.4555140342,255,237,160,100,3Dportrait
964,0.4421754052,0.8049703262,0.211447759,255,237,160,100,3Dportrait
965,0.8288985926,0.7514774229,0.3874732498,255,237,160,100,3Dportrait
966,0.5591862767,0.553713207,0.604158511,255,237,160,100,3Dportrait
967,0.8376373003,0.7037898804,0.749638255,255,237,160,100,3Dportrait
968,0.5337462981,0.3914238575,0.7951622457,255,237,160,100,3Dportrait
969,0.4679752788,0.4689885224,0.2197661229,255,237,160,100,3Dportrait
970,0.5271618909,0.4168510242,0.8827930611,255,237,160,100,3Dportrait
971,0.4686211217,0.3756679635,0.8628348923,255,237,160,100,3Dportrait
972,0.4144459046,0.3830291819,0.6258608986,255,237,160,100,3Dportrait
973,0.0513545742,0.6126101183,0.3811560109,255,237,160,100,3Dportrait
974,0.2010484958,0.8491534576,0.5312391923,255,237,160,100,3Dportrait
975,0.5504357911,0.3819072151,0.4584831425,255,237,160,100,3Dportrait
976,0.2379011984,0.726429668,0.4100134529,255,237,160,100,3Dportrait
977,0.8080798496,0.7828620436,0.5588337233,255,237,160,100,3Dportrait
978,0.6687832235,0.714033107,0.4813706088,255,237,160,100,3Dportrait
979,0.3299675058,0.4957081077,0.4110206505,255,237,160,100,3Dportrait
980,0.3189327163,0.9153260629,0.648893145,255,237,160,100,3Dportrait
981,0.5091601381,0.2280180637,0.7369612825,255,237,160,100,3Dportrait
982,0.173049894,0.3214581777,0.2088809334,255,237,160,100,3Dportrait
983,0.6359746425,0.3014050182,0.543278596,255,237,160,100,3Dportrait
984,0.2804099462,0.7590919308,0.3354214854,255,237,160,100,3Dportrait
985,0.6145140819,0.6562599536,0.7121133966,255,237,160,100,3Dportrait
986,0.4286611574,0.386618371,0.9240798139,255,237,160,100,3Dportrait
987,0.2724697461,0.696108356,0.9590736317,255,237,160,100,3Dportrait
988,0.6513444214,0.4659575554,0.6031750209,255,237,160,100,3Dportrait
989,0.8702990311,0.498961468,0.5820302823,255,237,160,100,3Dportrait
990,0.2293984947,0.2055590266,0.6087204974,255,237,160,100,3Dportrait
991,0.6774652783,0.2779393902,0.7845005631,255,237,160,100,3Dportrait
992,0.9675605573,0.5054931146,0.5078419393,255,237,160,100,3Dportrait
993,0.0621040867,0.3438164661,0.2896721985,255,237,160,100,3Dportrait
994,0.5857719854,0.2717728269,0.7874702677,255,237,160,100,3Dportrait
995,0.9377095551,0.6947081737,0.4420381624,255,237,160,100,3Dportrait
996,0.3773327478,0.5187144712,0.578363069,255,237,160,100,3Dportrait
997,0.5835744498,0.7016140082,0.4027346422,255,237,160,100,3Dportrait
998,0.3403858226,0.8446646951,0.383329351,255,237,160,100,3Dportrait
999,0.1587642723,0.4952569031,0.7088896187,255,237,160,100,3Dportrait
1000,0.3901005194,0.8392218802,0.6976328619,255,237,160,100,3Dportrait
1001,0.2879095957,0.6223819905,0.1001978238,255,237,160,100,3Dportrait
1002,0.2972122978,0.3150793705,0.6103607907,255,237,160,100,3Dportrait
1003,0.3042041585,0.3219416219,0.8375756284,255,237,160,100,3Dportrait
1004,0.3949067713,0.4912106883,0.1801717007,255,237,160,100,3Dportrait
1005,0.2132079943,0.477893807,0.5487590632,255,237,160,100,3Dportrait
1006,0.3372763245,0.0757725331,0.3643147124,255,237,160,100,3Dportrait
1007,0.3648543533,0.6878765201,0.4544051477,255,237,160,100,3Dportrait
1008,0.5439165348,0.5905566131,0.8963078491,255,237,160,100,3Dportrait
1009,0.5570088677,0.4165666892,0.2146423125,255,237,160,100,3Dportrait
1010,0.29688878,0.5100429234,0.6426853484,255,237,160,100,3Dportrait
1011,0.3704254192,0.829729716,0.7347133904,255,237,160,100,3Dportrait
1012,0.8956573103,0.4214509835,0.3856398668,255,237,160,100,3Dportrait
1013,0.1834200557,0.3445537969,0.5349785719,255,237,160,100,3Dportrait
1014,0.5789514251,0.2511242802,0.4426348767,255,237,160,100,3Dportrait
1015,0.4666254492,0.5837007798,0.407099364,255,237,160,100,3Dportrait
1016,0.6510957451,0.7702333876,0.2923064192,255,237,160,100,3Dportrait
1017,0.0674091077,0.3611231429,0.3029858452,255,237,160,100,3Dportrait
1018,0.2049126699,0.7895619031,0.6716756421,255,237,160,100,3Dportrait
1019,0.3885298926,0.3977928136,0.9393137711,255,237,160,100,3Dportrait
1020,0.5748837479,0.1703071505,0.7448643918,255,237,160,100,3Dportrait
1021,0.1354132944,0.6408221269,0.4124961839,255,237,160,100,3Dportrait
1022,0.5989008446,0.4031850303,0.5193731965,255,237,160,100,3Dportrait
1023,0.2594853518,0.6667839331,0.7522578635,255,237,160,100,3Dportrait
1024,0.4841932111,0.0919682882,0.526002212,255,237,160,100,3Dportrait
1025,0.8364399863,0.3008230642,0.4891349022,255,237,160,100,3Dportrait
1026,0.7235115516,0.4222330915,0.8310005886,255,237,160,100,3Dportrait
1027,0.3893257166,0.2469243305,0.4274021123,255,237,160,100,3Dportrait
1028,0.5711539008,0.4071519896,0.1484056867,255,237,160,100,3Dportrait
1029,0.133677927,0.363352897,0.3779256724,255,237,160,100,3Dportrait
1030,0.5230116197,0.2168540691,0.5966257761,255,237,160,100,3Dportrait
1031,0.7361867404,0.4707552805,0.2589394753,255,237,160,100,3Dportrait
1032,0.289886036,0.4676826707,0.4949150685,255,237,160,100,3Dportrait
1033,0.7637194469,0.3789390854,0.4655414284,255,237,160,100,3Dportrait
1034,0.6807541274,0.6433818887,0.3495792098,255,237,160,100,3Dportrait
1035,0.6742919712,0.7379481486,0.6204223297,255,237,160,100,3Dportrait
1036,0.4506046093,0.2829405529,0.8426649957,255,237,160,100,3Dportrait
1037,0.8080606174,0.4882267373,0.5611112871,255,237,160,100,3Dportrait
1038,0.1656212097,0.5968237758,0.1174995555,255,237,160,100,3Dportrait
1039,0.2722045211,0.4991799807,0.6928683922,255,237,160,100,3Dportrait
1040,0.5962098325,0.2675275029,0.3362072635,255,237,160,100,3Dportrait
1041,0.7372774576,0.4770730414,0.7961065214,255,237,160,100,3Dportrait
1042,0.1346802358,0.8209557778,0.5772728205,255,237,160,100,3Dportrait
1043,0.4902990505,0.6457444817,0.0413433377,255,237,160,100,3Dportrait
1044,0.4475228414,0.4590929159,0.8247231604,255,237,160,100,3Dportrait
1045,0.6469790184,0.1015756789,0.494880029,255,237,160,100,3Dportrait
1046,0.3787281979,0.4621644809,0.2596748563,255,237,160,100,3Dportrait
1047,0.5579801666,0.412672269,0.4465062134,255,237,160,100,3Dportrait
1048,0.3830818231,0.5419002418,0.0730637259,255,237,160,100,3Dportrait
1049,0.4284837444,0.4975621813,0.7789974321,255,237,160,100,3Dportrait
1050,0.9414022797,0.6660003325,0.485113716,255,237,160,100,3Dportrait
1051,0.4932452987,0.8427342018,0.594281861,255,237,160,100,3Dportrait
1052,0.2445777411,0.8670583575,0.5060667069,255,237,160,100,3Dportrait
1053,0.1990558051,0.3168158294,0.168774488,255,237,160,100,3Dportrait
1054,0.0133177518,0.3853710282,0.487754199,255,237,160,100,3Dportrait
1055,0.8336006331,0.7293924245,0.2744755173,255,237,160,100,3Dportrait
1056,0.6132617549,0.402982936,0.3870548639,255,237,160,100,3Dportrait
1057,0.3138724208,0.6169515639,0.7530952316,255,237,160,100,3Dportrait
1058,0.2912785043,0.8852116214,0.6961562849,255,237,160,100,3Dportrait
1059,0.73669766,0.8099934297,0.7706088402,255,237,160,100,3Dportrait
1060,0.6205896567,0.6278119693,0.3597868707,255,237,160,100,3Dportrait
1061,0.5266697562,0.2677582546,0.6111920456,255,237,160,100,3Dportrait
1062,0.4624155434,0.5561835637,0.0101493612,255,237,160,100,3Dportrait
1063,0.6589828705,0.2605085314,0.4336198988,255,237,160,100,3Dportrait
1064,0.8264124254,0.4932147654,0.3765577922,255,237,160,100,3Dportrait
1065,0.4213568113,0.7256015888,0.4831532964,255,237,160,100,3Dportrait
1066,0.321769535,0.418332104,0.3603032179,255,237,160,100,3Dportrait
1067,0.4296588445,0.3945557224,0.5739671844,255,237,160,100,3Dportrait
1068,0.6356954034,0.5157242514,0.6034422153,255,237,160,100,3Dportrait
1069,0.8290089166,0.5236116016,0.311226675,255,237,160,100,3Dportrait
1070,0.412968606,0.1601054174,0.2514854674,255,237,160,100,3Dportrait
1071,0.2073232503,0.3858844731,0.2876484097,255,237,160,100,3Dportrait
1072,0.5366260538,0.512889707,0.405989732,255,237,160,100,3Dportrait
1073,0.510372659,0.246138491,0.5250223004,255,237,160,100,3Dportrait
1074,0.6820966518,0.2779120761,0.3292810838,255,237,160,100,3Dportrait
1075,0.5705662016,0.5079018281,0.417193855,255,237,160,100,3Dportrait
1076,0.2481672978,0.7052545418,0.4186343489,255,237,160,100,3Dportrait
1077,0.5866925948,0.8505537892,0.7396048967,255,237,160,100,3Dportrait
1078,0.2522427275,0.2760188972,0.3147043771,255,237,160,100,3Dportrait
1079,0.9011028453,0.5657214006,0.470196903,255,237,160,100,3Dportrait
1080,0.2477722184,0.6275271865,0.1954110257,255,237,160,100,3Dportrait
1081,0.3433007626,0.4184177776,0.257723383,255,237,160,100,3Dportrait
1082,0.374697345,0.4156806981,0.5488279492,255,237,160,100,3Dportrait
1083,0.8720397656,0.5167718881,0.5554914077,255,237,160,100,3Dportrait
1084,0.3304629204,0.4473904011,0.0255650017,255,237,160,100,3Dportrait
1085,0.6806684027,0.4054644871,0.3231141417,255,237,160,100,3Dportrait
1086,0.4302043522,0.24381769,0.4087417448,255,237,160,100,3Dportrait
1087,0.34304821,0.0453282331,0.65607638,255,237,160,100,3Dportrait
1088,0.3119004531,0.2589998391,0.669277304,255,237,160,100,3Dportrait
1089,0.2922220731,0.7201665353,0.6221043721,255,237,160,100,3Dportrait
1090,0.7165055277,0.592298296,0.5504339486,255,237,160,100,3Dportrait
1091,0.809010895,0.2520113161,0.7357167113,255,237,160,100,3Dportrait
1092,0.2663732991,0.1924940917,0.4859354283,255,237,160,100,3Dportrait
