0,0.3667099055582994,0.43300564870109737,0.586363377484326,187,0,38,100,geodesic_map
1,0.45905001409597107,1.0,0.41623015767641136,226,25,28,100,geodesic_map
2,0.3731553603763489,0.2490954232151596,0.6903358263605097,226,25,28,100,geodesic_map
3,0.3594011390412245,0.5073622000650024,0.5987604434151298,226,25,28,100,geodesic_map
4,0.2392202173480844,0.28777621462895264,0.43690711303864704,252,77,42,100,geodesic_map
5,0.3336081480316162,0.5625577986720964,0.0302221938498084,252,77,42,100,geodesic_map
6,0.5525511900054354,0.7921049998183138,0.34125999565055665,252,77,42,100,geodesic_map
7,0.8228413396581133,0.5430445076987609,0.5633673771502546,252,77,42,100,geodesic_map
8,0.49987601913358615,0.04058504699036597,0.28313941891210326,252,77,42,100,geodesic_map
9,0.541380602405387,0.24115747589380104,0.7114787385167846,252,77,42,100,geodesic_map
10,0.448661121749283,0.40011673237718637,0.8154943718757375,252,77,42,100,geodesic_map
11,0.4500789683673234,0.579666670955918,0.6399759839835737,252,77,42,100,geodesic_map
12,0.3558546923395904,0.5784604454962012,0.5531448739457664,252,77,42,100,geodesic_map
13,0.5621765380339264,0.6134725765912575,0.3961604772732743,253,140,60,100,geodesic_map
14,0.28949285493834875,0.7508710922999119,0.40613354960742204,253,140,60,100,geodesic_map
15,0.6612139399664071,0.41865926412715476,0.03454195345678368,253,140,60,100,geodesic_map
16,0.5355426691782138,0.5450077101314299,0.34460728481394265,253,140,60,100,geodesic_map
17,0.21989368402285697,0.775608225942217,0.18001739240887127,253,140,60,100,geodesic_map
18,0.5862933868355621,0.5421649241482336,0.010044996800503636,253,140,60,100,geodesic_map
19,0.4855540027175289,0.627827233653886,0.3915116433640833,253,140,60,100,geodesic_map
20,0.47002004264922476,0.7425736571669463,0.26880888126489544,253,140,60,100,geodesic_map
21,0.6953349114153023,0.6210777832243175,0.2602161328227133,253,140,60,100,geodesic_map
22,0.5747752904184773,0.4623401490142532,0.6421822669890432,253,140,60,100,geodesic_map
23,0.4760421124691994,0.31649006079325737,0.780235846087086,253,140,60,100,geodesic_map
24,0.6233059754806624,0.436727838673006,0.5886628344635458,253,140,60,100,geodesic_map
25,0.8849490999576368,0.18830962146224783,0.5884293183715343,253,140,60,100,geodesic_map
26,0.6898255025830764,0.2804503758314774,0.6665087706075145,253,140,60,100,geodesic_map
27,0.43799949842162683,0.34083003404937123,0.5195784407683691,253,140,60,100,geodesic_map
28,0.9190092017559139,0.43075925452489705,0.7635122056067765,253,140,60,100,geodesic_map
29,0.736120846004092,0.10796093932659889,0.7129458436485088,253,140,60,100,geodesic_map
30,0.3627715040982552,0.15864826553605244,0.8478537654797669,253,140,60,100,geodesic_map
31,0.2860259108390315,0.39068031894872235,0.7388353483757394,253,140,60,100,geodesic_map
32,0.37572679055736835,0.9600160652691314,0.677346078984568,253,140,60,100,geodesic_map
33,0.5383293724628734,0.5038056305769877,0.8305384270518568,253,140,60,100,geodesic_map
34,0.3694874706128075,0.7825536567121238,0.8965767997282209,253,140,60,100,geodesic_map
35,0.36499606564044945,0.6697888672726813,0.7580490158681565,253,140,60,100,geodesic_map
36,0.5139940716334414,0.8925607509718189,0.8170830780337643,253,140,60,100,geodesic_map
37,0.41542284308094285,0.613365780305037,0.5951894035948743,253,140,60,100,geodesic_map
38,0.5825750560499874,0.5325394637416239,0.8202083252430727,253,140,60,100,geodesic_map
39,0.35172137042201534,0.5758652057072291,0.5455222564151533,253,140,60,100,geodesic_map
40,0.011402703666898606,0.5579600614969373,0.3661235882675181,254,178,76,100,geodesic_map
41,0.20055660658591645,0.6223089500730347,0.3916144138895602,254,178,76,100,geodesic_map
42,0.17128303944684747,0.4295185127320758,0.5626925488249653,254,178,76,100,geodesic_map
43,0.01887251391687178,0.39312618859805337,0.3681922710266483,254,178,76,100,geodesic_map
44,0.17013724597402213,0.4552907418373323,0.42234262218941115,254,178,76,100,geodesic_map
45,0.35625049820927845,0.40390149078996596,0.486384815247057,254,178,76,100,geodesic_map
46,0.17960388001620298,0.1450169441609897,0.32208024392169465,254,178,76,100,geodesic_map
47,0.43415301651069316,0.38828216216137473,0.3892139447592481,254,178,76,100,geodesic_map
48,0.2737774087405625,0.3158437596533443,0.3245112014756596,254,178,76,100,geodesic_map
49,0.46484261015328066,0.4872468067131476,0.33644080804674237,254,178,76,100,geodesic_map
50,0.38881820651970345,0.47317451692712537,0.37309083383573666,254,178,76,100,geodesic_map
51,0.3462536058100506,0.5916058726000122,0.21490475218757915,254,178,76,100,geodesic_map
52,0.24015744829122426,0.3538597373570071,0.09245750076168902,254,178,76,100,geodesic_map
53,0.37846778511775153,0.49538014605699654,0.3795955375319201,254,178,76,100,geodesic_map
54,0.4790561198144887,0.3091192404966176,0.03646588326021322,254,178,76,100,geodesic_map
55,0.4709218516532655,0.5426800553823264,0.0023780374390093284,254,178,76,100,geodesic_map
56,0.41090080997456097,0.5867872427794705,0.1888224571072633,254,178,76,100,geodesic_map
57,0.35855557157591067,0.6158786340984629,0.21747162115372864,254,178,76,100,geodesic_map
58,0.5953856396388547,0.5976246025462452,0.19683452476112506,254,178,76,100,geodesic_map
59,0.5681669140114435,0.5675450547401527,0.18161671835343596,254,178,76,100,geodesic_map
60,0.5810749101295233,0.6379824709631854,0.20793403954218403,254,178,76,100,geodesic_map
61,0.4048634549583565,0.8213911474224553,0.12310811209928768,254,178,76,100,geodesic_map
62,0.540355774998939,0.6082223003998958,0.3803357336733175,254,178,76,100,geodesic_map
63,0.49499552537711117,0.6344152099600622,0.39910119451537795,254,178,76,100,geodesic_map
64,0.48533153451289607,0.961418468334279,0.2902296165739482,254,178,76,100,geodesic_map
65,0.6052565725816583,0.9304408686656358,0.2574014522801481,254,178,76,100,geodesic_map
66,0.6134238005063705,0.9679778361439664,0.3436176776708418,254,178,76,100,geodesic_map
67,0.8474803278507769,0.8292935870271677,0.3472102600608892,254,178,76,100,geodesic_map
68,0.5937256249007975,0.6354849330338627,0.5185043496966759,254,178,76,100,geodesic_map
69,0.602829923096471,0.6163756510860829,0.5562724010811837,254,178,76,100,geodesic_map
70,0.6331292314650031,0.5648703221769908,0.5702521380714907,254,178,76,100,geodesic_map
71,0.6450321980016278,0.5762931596801643,0.4977782565560517,254,178,76,100,geodesic_map
72,0.9651095042152648,0.5744411995854155,0.6678754447457822,254,178,76,100,geodesic_map
73,0.8277286659832878,0.5505472427033969,0.5129254152125432,254,178,76,100,geodesic_map
74,0.8310153158143219,0.5139894839698946,0.4816454672779094,254,178,76,100,geodesic_map
75,0.6575325135718283,0.5003898196905503,0.4565478817216456,254,178,76,100,geodesic_map
76,0.6286433445777749,0.49567839570258704,0.3987315087188994,254,178,76,100,geodesic_map
77,0.8376689113975884,0.28926696716513434,0.19593369068865357,254,178,76,100,geodesic_map
78,0.8964540815081526,0.3433758412293998,0.23782892739848,254,178,76,100,geodesic_map
79,0.5676976207041206,0.27612901590252037,0.25942305630363455,254,178,76,100,geodesic_map
80,0.5409159384652067,0.22232863409441644,0.31280976633320434,254,178,76,100,geodesic_map
81,0.4563502696069113,0.19705946132345736,0.35321986215596546,254,178,76,100,geodesic_map
82,0.6757298829947037,0.10945669430320265,0.23277377986028908,254,178,76,100,geodesic_map
83,0.5196366431822186,0.3369978106204936,0.4579971895216742,254,178,76,100,geodesic_map
84,0.7580335737772401,0.09980982431145985,0.3317578894905807,254,178,76,100,geodesic_map
85,0.636988978872673,0.4090032111924531,0.48785132183608815,254,178,76,100,geodesic_map
86,0.7977410716830289,0.35361569514721397,0.5295846937264987,254,178,76,100,geodesic_map
87,0.6015567793486764,0.005126221738588899,0.5577524543553577,254,178,76,100,geodesic_map
88,0.7611060074263083,0.07123118060669276,0.5625143221828853,254,178,76,100,geodesic_map
89,0.583983187022235,0.18361494493289304,0.5849750962031959,254,178,76,100,geodesic_map
90,0.5952674752935898,0.37461922779072243,0.5540266788310411,254,178,76,100,geodesic_map
91,0.6975275142569948,0.1188225677578279,0.7649474861490019,254,178,76,100,geodesic_map
92,0.608393438284802,0.4153647372886219,0.5914991420176107,254,178,76,100,geodesic_map
93,0.45621257103944635,0.25171951428842654,0.7247821222639037,254,178,76,100,geodesic_map
94,0.4677864181919628,0.36250160745759974,0.594897424038152,254,178,76,100,geodesic_map
95,0.4511686521028182,0.2877118151633772,0.7570234365575592,254,178,76,100,geodesic_map
96,0.6355086056721737,0.349246769040573,0.7646588345889964,254,178,76,100,geodesic_map
97,0.5886164102971345,0.5298790758913408,0.6352185977755054,254,178,76,100,geodesic_map
98,0.4290103444363633,0.28254902856956954,0.9477160490019005,254,178,76,100,geodesic_map
99,0.6257441757891811,0.6223673203080913,0.7824273964981349,254,178,76,100,geodesic_map
100,0.41259439515591056,0.43659820010069217,0.8173297968351387,254,178,76,100,geodesic_map
101,0.5240181835315315,0.4865243308990619,0.663686241953289,254,178,76,100,geodesic_map
102,0.5364721878567864,0.524337700281731,0.9977192394083052,254,178,76,100,geodesic_map
103,0.27932881326344017,0.4270568315268707,0.7461867838455304,254,178,76,100,geodesic_map
104,0.3837700373018538,0.5487867529146069,0.8109331685905419,254,178,76,100,geodesic_map
105,0.2953528705480526,0.541481290589569,0.7654107830292474,254,178,76,100,geodesic_map
106,0.4606470378085536,0.5579362316208619,0.6527173535269419,254,178,76,100,geodesic_map
107,0.4793831975322039,0.6073289626672475,0.8156567185096035,254,178,76,100,geodesic_map
108,0.530594090350746,0.7312616674715082,0.9437312746166826,254,178,76,100,geodesic_map
109,0.46144425299015446,0.6735411932810256,0.7841828104558743,254,178,76,100,geodesic_map
110,0.493873485967861,0.6368828748730726,0.5976442631192884,254,178,76,100,geodesic_map
111,0.5132448792320625,0.6399385516202081,0.591574245465905,254,178,76,100,geodesic_map
112,0.3308390082244674,0.9024710457332107,0.7587451334381146,254,178,76,100,geodesic_map
113,0.28764014404823157,0.8656577376595207,0.780301909305493,254,178,76,100,geodesic_map
114,0.3795206297353229,0.573501494439876,0.5972133719861774,254,178,76,100,geodesic_map
115,0.373002360294386,0.5836390689362795,0.5799210464072055,254,178,76,100,geodesic_map
116,0.4227877243563538,0.6486148470084779,0.5346640114617399,254,178,76,100,geodesic_map
117,0.29835038577289635,0.9682264205089658,0.5134893011039998,254,178,76,100,geodesic_map
118,0.08784154863236543,0.7863421176389469,0.5917721072886138,254,178,76,100,geodesic_map
119,0.21232399592993273,0.674672989103926,0.5577053172555925,254,178,76,100,geodesic_map
120,0.03347201149898643,0.6860266877212252,0.589653899467895,254,178,76,100,geodesic_map
121,0.328247365985495,0.524314010135096,0.4991976456811191,254,217,118,100,geodesic_map
122,0.19275087097877452,0.5411086467137173,0.3582565417959581,254,217,118,100,geodesic_map
123,0.07189809857129698,0.7012223061054093,0.3113265328353021,254,217,118,100,geodesic_map
124,0.055082228707085235,0.6845833142137936,0.3338344700329642,254,217,118,100,geodesic_map
125,0.34761067315557326,0.5634351124095403,0.44912926045545054,254,217,118,100,geodesic_map
126,0.22732551538664064,0.6331810993091959,0.3458109069817268,254,217,118,100,geodesic_map
127,0.16926881284930756,0.4310997239583574,0.5534873943481496,254,217,118,100,geodesic_map
128,0.17521599311583985,0.4447546867960418,0.590745147107737,254,217,118,100,geodesic_map
129,0.009230435897795874,0.38925067306849553,0.586568772004081,254,217,118,100,geodesic_map
130,0.3448722468395431,0.4456678167929689,0.44544847621809075,254,217,118,100,geodesic_map
131,0.333590519281033,0.4678410429184907,0.46312179781521884,254,217,118,100,geodesic_map
132,0.1772992685820839,0.5087473316861395,0.3890148113437639,254,217,118,100,geodesic_map
133,0.15952649547487896,0.49439847782111135,0.46800106072692965,254,217,118,100,geodesic_map
134,0.17110525568135315,0.46739947512513486,0.4132121489523511,254,217,118,100,geodesic_map
135,0.023097810614618686,0.42732103018265166,0.3351691805012732,254,217,118,100,geodesic_map
136,0.1995566431990891,0.33631119658860475,0.5112418214108149,254,217,118,100,geodesic_map
137,0.35685478627256273,0.4020354135959067,0.4984595528988406,254,217,118,100,geodesic_map
138,0.1995378043861617,0.33836237925251944,0.47251029510817166,254,217,118,100,geodesic_map
139,0.31125915512583513,0.2287146817590041,0.4134673019901808,254,217,118,100,geodesic_map
140,0.28525590950766166,0.26839853076149833,0.3708727587941394,254,217,118,100,geodesic_map
141,0.2458233016152394,0.2903429875476562,0.40898963638973473,254,217,118,100,geodesic_map
142,0.39556084461588437,0.3814308116663425,0.43132542178111466,254,217,118,100,geodesic_map
143,0.26940839580016585,0.1729633077216477,0.1877100121151995,254,217,118,100,geodesic_map
144,0.5568798943130544,0.4121393215165271,0.1837456825575728,254,217,118,100,geodesic_map
145,0.27979464207691446,0.33193406627734834,0.3029987525376844,254,217,118,100,geodesic_map
146,0.37802502280390105,0.4170738167594642,0.4111970221045641,254,217,118,100,geodesic_map
147,0.2618882298852542,0.3367500861289742,0.31975061641701574,254,217,118,100,geodesic_map
148,0.4769968165117496,0.49252896144926195,0.33441614425314026,254,217,118,100,geodesic_map
149,0.4639162948762667,0.48597197978848167,0.33670575632266975,254,217,118,100,geodesic_map
150,0.36585081150395926,0.42139960250780384,0.20174247550125018,254,217,118,100,geodesic_map
151,0.3881235503980322,0.5048860938499097,0.37119204779257603,254,217,118,100,geodesic_map
152,0.13268387831227452,0.4397108447303999,0.15622226555571972,254,217,118,100,geodesic_map
153,0.22820464325323564,0.3837544275391295,0.09071086874155437,254,217,118,100,geodesic_map
154,0.3819245767437907,0.5154640165102992,0.37737283309787506,254,217,118,100,geodesic_map
155,0.21609674939496382,0.5730563379392608,0.08927418746041232,254,217,118,100,geodesic_map
156,0.280090575124657,0.6908175588025997,0.08830788622864721,254,217,118,100,geodesic_map
157,0.36794262267968536,0.39510667448767123,0.2086879152402351,254,217,118,100,geodesic_map
158,0.3837872292249518,0.4761275399549823,0.37680369598771846,254,217,118,100,geodesic_map
159,0.25328414434925084,0.3188826031125882,0.09816256135422718,254,217,118,100,geodesic_map
160,0.37929294721639767,0.4859896931821704,0.3794681497650578,254,217,118,100,geodesic_map
161,0.16191101119176116,0.5793809982244927,0.13214579880102112,254,217,118,100,geodesic_map
162,0.4611612013322214,0.3284502484083438,0.03018345000743433,254,217,118,100,geodesic_map
163,0.4003760391749299,0.267977602460703,0.0645215512474191,254,217,118,100,geodesic_map
164,0.524170854737629,0.47569055225242746,0.33752649991893097,254,217,118,100,geodesic_map
165,0.46579773847080214,0.372566315263689,0.19212947254321744,254,217,118,100,geodesic_map
166,0.4944503615373811,0.5006163554137109,0.33334421141215376,254,217,118,100,geodesic_map
167,0.4144121723997211,0.5583702477018313,0.009793340642806181,254,217,118,100,geodesic_map
168,0.49031676605345526,0.5088593213552756,0.00010642635470597961,254,217,118,100,geodesic_map
169,0.49663852620240884,0.4970351269988113,0.3333632058292356,254,217,118,100,geodesic_map
170,0.2976809401202306,0.6553925114043502,0.06588521528716379,254,217,118,100,geodesic_map
171,0.4044287940370056,0.6172971319719249,0.20052901835809417,254,217,118,100,geodesic_map
172,0.41860261076624505,0.557395669628597,0.36277655739641457,254,217,118,100,geodesic_map
173,0.37323716259922035,0.5767908342180925,0.19860064791426946,254,217,118,100,geodesic_map
174,0.25438523580941813,0.7243018515240883,0.11975095815757408,254,217,118,100,geodesic_map
175,0.49643324631202623,0.5282591855326955,0.3357841793930503,254,217,118,100,geodesic_map
176,0.5362284029729736,0.5323276364388564,0.34171621929598917,254,217,118,100,geodesic_map
177,0.7139965280348951,0.6420462229136819,0.07177404090437783,254,217,118,100,geodesic_map
178,0.5084036143568063,0.5315251822749687,0.33691129737362346,254,217,118,100,geodesic_map
179,0.5347500708112417,0.5273165239398083,0.3404196814467372,254,217,118,100,geodesic_map
180,0.5151652205568082,0.5409396411102557,0.16979074659354448,254,217,118,100,geodesic_map
181,0.5212032697270338,0.5929122632039946,0.1806450625239684,254,217,118,100,geodesic_map
182,0.5525781076163373,0.5586411255513205,0.3546478807113254,254,217,118,100,geodesic_map
183,0.5302899692981576,0.5663576149869352,0.3509440091176381,254,217,118,100,geodesic_map
184,0.4081159293149262,0.829934152305161,0.1295497527412684,254,217,118,100,geodesic_map
185,0.40677809242076596,0.8293473948747008,0.12935433476092467,254,217,118,100,geodesic_map
186,0.470307407350949,0.5968797700216786,0.36580143818533695,254,217,118,100,geodesic_map
187,0.5516818731837391,0.7077517149114363,0.24296987764605166,254,217,118,100,geodesic_map
188,0.5393775676292798,0.5845620217231962,0.3627611592026505,254,217,118,100,geodesic_map
189,0.591389250585394,0.7024100999241774,0.250546146613435,254,217,118,100,geodesic_map
190,0.5140709200066848,0.5949820191350782,0.36364040600089664,254,217,118,100,geodesic_map
191,0.4482552939524619,0.7570219595096301,0.2879928451448258,254,217,118,100,geodesic_map
192,0.503601822116899,0.6280037909697341,0.39166311191912884,254,217,118,100,geodesic_map
193,0.5121522770370757,0.6296844187445458,0.3946446790791407,254,217,118,100,geodesic_map
194,0.49486610365294814,0.6541709144416581,0.43175239382555475,254,217,118,100,geodesic_map
195,0.48499032580260826,0.6489198896545607,0.42187666787895156,254,217,118,100,geodesic_map
196,0.5097358704032668,0.7621275645170154,0.28953194925029524,254,217,118,100,geodesic_map
197,0.6123334213616032,0.7661285861681035,0.3297922852208027,254,217,118,100,geodesic_map
198,0.6031337190389482,0.931668343116468,0.25857474994053564,254,217,118,100,geodesic_map
199,0.5893684765965809,0.8050265715067954,0.3892766799809384,254,217,118,100,geodesic_map
200,0.5528718414636368,0.8218866874509214,0.4134495294942815,254,217,118,100,geodesic_map
201,0.6071713983317769,0.964754919063043,0.3303805905986159,254,217,118,100,geodesic_map
202,0.8807324193054612,0.7581113281634098,0.30068233270952766,254,217,118,100,geodesic_map
203,0.7962044029679927,0.878598449120052,0.35021015107148035,254,217,118,100,geodesic_map
204,0.8627463940493613,0.788523687470911,0.3078452197802574,254,217,118,100,geodesic_map
205,0.7578400140122208,0.9341282388196822,0.49436235741856216,254,217,118,100,geodesic_map
206,0.6074121530387236,0.6256394929651828,0.4983102036133461,254,217,118,100,geodesic_map
207,0.764007174575122,0.9176172416246098,0.602008267697539,254,217,118,100,geodesic_map
208,0.8402407106225178,0.8271324417193942,0.6722398938847882,254,217,118,100,geodesic_map
209,0.7347992721469978,0.7296234162850245,0.5603654694729965,254,217,118,100,geodesic_map
210,0.8027499163851941,0.8759308787971709,0.6431241347643163,254,217,118,100,geodesic_map
211,0.8850376102439601,0.7035059530356124,0.7466675750607555,254,217,118,100,geodesic_map
212,0.9133663245534223,0.7037005171137483,0.6958279349004503,254,217,118,100,geodesic_map
213,0.6269809398410626,0.5718608103172517,0.5750423820381878,254,217,118,100,geodesic_map
214,0.930459896194124,0.7537736205221734,0.5436261625723218,254,217,118,100,geodesic_map
215,0.9290946747355431,0.7594513954593338,0.4842893309382486,254,217,118,100,geodesic_map
216,0.8007070600138504,0.6383017875090368,0.46899538915492495,254,217,118,100,geodesic_map
217,0.6416534328022656,0.5371526166779522,0.5729411892215783,254,217,118,100,geodesic_map
218,0.8120762032794677,0.5686584695028977,0.5895584530187746,254,217,118,100,geodesic_map
219,0.9672609850212759,0.5350285635301638,0.674381474673493,254,217,118,100,geodesic_map
220,0.8249983234862377,0.5669514183218523,0.49236145154779015,254,217,118,100,geodesic_map
221,0.6593414513353194,0.5349829737969641,0.5092492727855293,254,217,118,100,geodesic_map
222,0.9911085723567976,0.5940317704232495,0.48050247239359667,254,217,118,100,geodesic_map
223,0.8301227818628345,0.49356620217009406,0.46686292061991697,254,217,118,100,geodesic_map
224,0.8294513529129655,0.5231001495046845,0.5320439864405692,254,217,118,100,geodesic_map
225,0.6597168016282839,0.5122390015909885,0.4679258057802773,254,217,118,100,geodesic_map
226,0.9882130689022754,0.46345159239059314,0.39709726364460524,254,217,118,100,geodesic_map
227,0.9869861259373038,0.5006444592482412,0.38592935108027815,254,217,118,100,geodesic_map
228,0.949320269319509,0.6007377365451246,0.30509625475494984,254,217,118,100,geodesic_map
229,0.7568947092921119,0.4568218780786,0.294607909185864,254,217,118,100,geodesic_map
230,0.905641889068594,0.49613836297066843,0.20866551335188804,254,217,118,100,geodesic_map
231,0.6389043318283774,0.49317892653536377,0.4137300150444327,254,217,118,100,geodesic_map
232,0.9291474856722091,0.40139534400968435,0.2629401974785567,254,217,118,100,geodesic_map
233,0.7255142077085169,0.3521731309324695,0.3046201724067209,254,217,118,100,geodesic_map
234,0.6082144293939468,0.4310077225540727,0.39653116643592723,254,217,118,100,geodesic_map
235,0.757904614269983,0.38855813096767366,0.3223032395703538,254,217,118,100,geodesic_map
236,0.7928671012326911,0.38898662109701404,0.3883159916391583,254,217,118,100,geodesic_map
237,0.88772075528858,0.34051490559317554,0.22676982542531277,254,217,118,100,geodesic_map
238,0.7363344245183495,0.16504872872662896,0.2081331431547126,254,217,118,100,geodesic_map
239,0.5856578831806014,0.3168132720601654,0.23369156188021956,254,217,118,100,geodesic_map
240,0.5835593137313677,0.30861368041306947,0.23858576352346117,254,217,118,100,geodesic_map
241,0.5593971855014327,0.3931296432662114,0.38674609114616076,254,217,118,100,geodesic_map
242,0.5509857710124615,0.3902411461559123,0.38502382800944757,254,217,118,100,geodesic_map
243,0.5061665618079861,0.35471314661170594,0.41349843614453985,254,217,118,100,geodesic_map
244,0.45246316022934585,0.04385342608798681,0.2805165948966789,254,217,118,100,geodesic_map
245,0.5030907829139518,0.35700019762927415,0.4095898281797019,254,217,118,100,geodesic_map
246,0.46707620197400634,0.34758542266403125,0.43062305552478397,254,217,118,100,geodesic_map
247,0.5927216346674968,0.202747069166766,0.3699399262815944,254,217,118,100,geodesic_map
248,0.570190429469302,0.365483335085452,0.42964276677249,254,217,118,100,geodesic_map
249,0.563695427368212,0.3751468663903903,0.4090574977198007,254,217,118,100,geodesic_map
250,0.5279692730726705,0.33887755474480613,0.45666680048193764,254,217,118,100,geodesic_map
251,0.5152904331386529,0.16454859596216365,0.4488272124668704,254,217,118,100,geodesic_map
252,0.6615723795125861,0.04124904129165058,0.35699580723078717,254,217,118,100,geodesic_map
253,0.6801708921340786,0.2439145539878747,0.3791664246418308,254,217,118,100,geodesic_map
254,0.7799596624462304,0.11895127564355157,0.32410750057244025,254,217,118,100,geodesic_map
255,0.6043042309222324,0.3810928712725294,0.4492227721960319,254,217,118,100,geodesic_map
256,0.624096522766856,0.3945133719026042,0.47095666206181197,254,217,118,100,geodesic_map
257,0.6331722313567703,0.4058679303933834,0.4747224666809661,254,217,118,100,geodesic_map
258,0.6391197932197265,0.41162140454526286,0.5005143959104305,254,217,118,100,geodesic_map
259,0.7900273208980699,0.33569259349090746,0.49353692296125706,254,217,118,100,geodesic_map
260,0.7881745296718634,0.33246812863772,0.5090159597261533,254,217,118,100,geodesic_map
261,0.7908663510141216,0.3378784525741132,0.5155594625243578,254,217,118,100,geodesic_map
262,0.5497716516957352,0.1647019366940507,0.5133500415160139,254,217,118,100,geodesic_map
263,0.5884367085075095,0.35834654705968183,0.4933279092450725,254,217,118,100,geodesic_map
264,0.5285404526251756,0.3330414821580502,0.5015074334979083,254,217,118,100,geodesic_map
265,0.7180844048309867,0.24814353315659998,0.5389006928461989,254,217,118,100,geodesic_map
266,0.67437537134102,0.023360860614792145,0.4986132534546692,254,217,118,100,geodesic_map
267,0.5798174494926505,0.3565594264834072,0.5325839588750206,254,217,118,100,geodesic_map
268,0.5419509133239272,0.34518075107055257,0.5519158844955457,254,217,118,100,geodesic_map
269,0.580263706426383,0.18033028893610303,0.5764534824490444,254,217,118,100,geodesic_map
270,0.5726938727242971,0.35072282785640463,0.5235787573949702,254,217,118,100,geodesic_map
271,0.8045838386724398,0.12736432835302708,0.6507147985592894,254,217,118,100,geodesic_map
272,0.7507065307998625,0.08827661446000473,0.6517135999142152,254,217,118,100,geodesic_map
273,0.6073769256635907,0.3804717087867092,0.5420794934832708,254,217,118,100,geodesic_map
274,0.6573298959127468,0.2596404057664046,0.6728808511509559,254,217,118,100,geodesic_map
275,0.6631114583102995,0.10616130506215005,0.7706322509287271,254,217,118,100,geodesic_map
276,0.7195165362098955,0.10809152881782003,0.730250080475431,254,217,118,100,geodesic_map
277,0.6109870587999721,0.411499342975732,0.5845501358582635,254,217,118,100,geodesic_map
278,0.8828074101125021,0.3378018580793591,0.7785334317188506,254,217,118,100,geodesic_map
279,0.5225850454410043,0.358872556957817,0.5894593979284383,254,217,118,100,geodesic_map
280,0.4083634648899055,0.25983558693021447,0.7201741482069395,254,217,118,100,geodesic_map
281,0.49189919966526763,0.36770894055575265,0.6051852354528371,254,217,118,100,geodesic_map
282,0.4918054248545962,0.36884402413019446,0.6065378922676201,254,217,118,100,geodesic_map
283,0.5315250688866903,0.3824743743540327,0.6153147733042648,254,217,118,100,geodesic_map
284,0.4517542469623368,0.3542465792614379,0.5752250642221408,254,217,118,100,geodesic_map
285,0.7352406988733646,0.4537103955426101,0.7292932565835698,254,217,118,100,geodesic_map
286,0.6406133515808726,0.425248436669084,0.7916246084872639,254,217,118,100,geodesic_map
287,0.3136431436371317,0.15601089194655854,0.8227934435524122,254,217,118,100,geodesic_map
288,0.5722584009105454,0.4349474706325893,0.6338835346388876,254,217,118,100,geodesic_map
289,0.6379532127838096,0.34720125142546787,0.7622391326179572,254,217,118,100,geodesic_map
290,0.7814873234772601,0.35789227590017825,0.887733547509294,254,217,118,100,geodesic_map
291,0.48529492698885496,0.39785186609540313,0.633264358366157,254,217,118,100,geodesic_map
292,0.7848105563549331,0.6312666264124485,0.8885483603173765,254,217,118,100,geodesic_map
293,0.352614245801882,0.31904078948443926,0.744872294682645,254,217,118,100,geodesic_map
294,0.7776814414174276,0.5576856088499069,0.9104490324902583,254,217,118,100,geodesic_map
295,0.5523606277807459,0.34082626072221767,0.7892377891106497,254,217,118,100,geodesic_map
296,0.37246686000751583,0.3486541745866072,0.773052797316844,254,217,118,100,geodesic_map
297,0.49228256489529204,0.3658080131953554,0.8064644935483902,254,217,118,100,geodesic_map
298,0.6560435644938024,0.6121302635081268,0.7709873332769264,254,217,118,100,geodesic_map
299,0.5810947029335105,0.5927669547020269,0.8089172370629517,254,217,118,100,geodesic_map
300,0.5617980596544869,0.5754137164913374,0.6334846816831243,254,217,118,100,geodesic_map
301,0.5289830668193615,0.47635405339098086,0.6616628894897363,254,217,118,100,geodesic_map
302,0.3887863884073577,0.40637406456893144,0.9802792650197732,254,217,118,100,geodesic_map
303,0.4596909881365086,0.4866230646068873,0.6625229233158924,254,217,118,100,geodesic_map
304,0.5160004460058835,0.5027526494295215,0.6653313849750406,254,217,118,100,geodesic_map
305,0.5092989249243781,0.4936368938863117,0.6659741353857079,254,217,118,100,geodesic_map
306,0.6043507881964514,0.3840469792583949,0.9748419541809956,254,217,118,100,geodesic_map
307,0.5013806340628272,0.49890662467564306,0.6665549651888066,254,217,118,100,geodesic_map
308,0.5213416160042182,0.47416116104851636,0.8313998119453365,254,217,118,100,geodesic_map
309,0.6443548091181381,0.48596380150652263,0.9774757307826295,254,217,118,100,geodesic_map
310,0.20050640657215085,0.4201484638329931,0.8989475950490019,254,217,118,100,geodesic_map
311,0.38404152307343864,0.4558043442669585,0.6180209313509083,254,217,118,100,geodesic_map
312,0.2937805125253704,0.46948978709047057,0.7658578273643328,254,217,118,100,geodesic_map
313,0.4244352167065003,0.5323456052655495,0.8243658574280047,254,217,118,100,geodesic_map
314,0.3227321829968547,0.5276974301881873,0.969295385706723,254,217,118,100,geodesic_map
315,0.448783388256105,0.5221501536968207,0.82945348025356,254,217,118,100,geodesic_map
316,0.20980697587585567,0.5223169299518333,0.9122761026877528,254,217,118,100,geodesic_map
317,0.18420674629137984,0.5185819676974466,0.8939505930773277,254,217,118,100,geodesic_map
318,0.21593512322541847,0.610657044803819,0.9023834287936905,254,217,118,100,geodesic_map
319,0.4589571907658566,0.5395613499091043,0.65798063497323,254,217,118,100,geodesic_map
320,0.4520741753957351,0.535071497771734,0.6573414907201991,254,217,118,100,geodesic_map
321,0.45579318276181136,0.6909034601632553,0.9616625507294736,254,217,118,100,geodesic_map
322,0.45408785470366697,0.5443657285912342,0.6555543962205799,254,217,118,100,geodesic_map
323,0.49734557557800363,0.49258889652760024,0.6665298412971749,254,217,118,100,geodesic_map
324,0.5071261349706954,0.5381606235972429,0.6618073146129246,254,217,118,100,geodesic_map
325,0.5335491341446595,0.6783941978084516,0.9665152169868264,254,217,118,100,geodesic_map
326,0.5383861776094764,0.7254514214376291,0.9459371999866841,254,217,118,100,geodesic_map
327,0.5401103997116095,0.7169080827216902,0.9498509837314904,254,217,118,100,geodesic_map
328,0.4455103102031473,0.6866791496017187,0.7736555720296361,254,217,118,100,geodesic_map
329,0.37100982193043885,0.715197581930566,0.9359630150088579,254,217,118,100,geodesic_map
330,0.50882252438366,0.6001750176365108,0.6333602444088736,254,217,118,100,geodesic_map
331,0.4849422063680289,0.7614487702757156,0.7115822541161533,254,217,118,100,geodesic_map
332,0.4696798067587676,0.7078321586045334,0.7618711058526777,254,217,118,100,geodesic_map
333,0.5735294283044889,0.7396021165107929,0.7222516129036745,254,217,118,100,geodesic_map
334,0.5195764262623255,0.7504729607624961,0.7229353920499841,254,217,118,100,geodesic_map
335,0.5250067868932393,0.6460995754531493,0.5782315963246876,254,217,118,100,geodesic_map
336,0.5037543194706784,0.7642942635958541,0.7081838429494706,254,217,118,100,geodesic_map
337,0.4407823405529971,0.6252036079239142,0.5981701760094015,254,217,118,100,geodesic_map
338,0.3391574688371791,0.835626373116786,0.8423736277936882,254,217,118,100,geodesic_map
339,0.4641280909335441,0.6400793483154451,0.5880420587655276,254,217,118,100,geodesic_map
340,0.3256432917367122,0.8862515759963465,0.7785899083198498,254,217,118,100,geodesic_map
341,0.4463750930568069,0.6432182911639239,0.574244601619272,254,217,118,100,geodesic_map
342,0.3514495130960177,0.7344497950830452,0.6940987475437025,254,217,118,100,geodesic_map
343,0.32053610561930257,0.6634163550282852,0.7353862721844138,254,217,118,100,geodesic_map
344,0.26917915174850593,0.6409137897727902,0.7047722191391065,254,217,118,100,geodesic_map
345,0.37824731276283585,0.558856063572854,0.6051171655020814,254,217,118,100,geodesic_map
346,0.11600691958837472,0.6622736944510604,0.789697410293029,254,217,118,100,geodesic_map
347,0.397561614918476,0.5983139782894288,0.5951978775686038,254,217,118,100,geodesic_map
348,0.26533117357791014,0.6580487010488191,0.6877623808754751,254,217,118,100,geodesic_map
349,0.3478326116441176,0.7972914329328225,0.5658647009193427,254,217,118,100,geodesic_map
350,0.4081402611079556,0.6392872025171592,0.5390682922510021,254,217,118,100,geodesic_map
351,0.41524008349892105,0.6452175475858031,0.5323678626105997,254,217,118,100,geodesic_map
352,0.3964561300784283,0.8233807631451995,0.519225520376246,254,217,118,100,geodesic_map
353,0.34220355726998125,0.9831498585882423,0.5381974275340388,254,217,118,100,geodesic_map
354,0.420499325749245,0.6512437027924401,0.48955338726138425,254,217,118,100,geodesic_map
355,0.07937818179868206,0.7297775359611229,0.6727340566927916,254,217,118,100,geodesic_map
356,0.36673363483065946,0.6047857199334211,0.5313494186243061,254,217,118,100,geodesic_map
357,0.11764348623038423,0.8375518625102365,0.5204630837642766,254,217,118,100,geodesic_map
358,0.08772206878363908,0.782950645123619,0.6009624223770843,254,217,118,100,geodesic_map
359,0.24795797209457654,0.7302844667841598,0.5022520437364434,254,217,118,100,geodesic_map
360,0.07714292049360177,0.7717467162342251,0.5875227646151534,254,217,118,100,geodesic_map
361,0.3611846002224145,0.6025984041233786,0.5006570982442736,254,217,118,100,geodesic_map
362,0.022884940062147585,0.6725604772285675,0.5551350656539742,254,217,118,100,geodesic_map
363,0.1815322373763535,0.5953041985538101,0.5783482997319414,254,217,118,100,geodesic_map
364,0.32881602499320006,0.5278969511840316,0.4990995039271951,255,237,160,100,geodesic_map
365,0.16093637375706765,0.544496156223918,0.49784249946580683,255,237,160,100,geodesic_map
366,0.16207501731795032,0.5523517327239683,0.5019925487805093,255,237,160,100,geodesic_map
367,0.03876485431863619,0.5605834330584247,0.29316791977664236,255,237,160,100,geodesic_map
368,0.343737067772509,0.5196747132514151,0.429150893824914,255,237,160,100,geodesic_map
369,0.34549555447195557,0.5168049778217385,0.4248908841769025,255,237,160,100,geodesic_map
370,0.3612560491317848,0.5761606278864941,0.4321074761737539,255,237,160,100,geodesic_map
371,0.2169473378658553,0.6406903541780423,0.37255866232493234,255,237,160,100,geodesic_map
372,0.23147415137122757,0.6460159249377796,0.35014021346883584,255,237,160,100,geodesic_map
373,0.353992662463121,0.5662596804556382,0.43651319247204756,255,237,160,100,geodesic_map
374,0.21199931762525798,0.6361474706083106,0.3785739617517013,255,237,160,100,geodesic_map
375,0.06860978176641103,0.6930122695245705,0.3102726705197716,255,237,160,100,geodesic_map
376,0.06184368553217123,0.69756176400394,0.33092254244604,255,237,160,100,geodesic_map
377,0.042867327177942005,0.6719754951839396,0.35404917410198256,255,237,160,100,geodesic_map
378,0.202119806294425,0.628061958881619,0.393937713233318,255,237,160,100,geodesic_map
379,0.0877510801538669,0.7218629873145799,0.29992857125614003,255,237,160,100,geodesic_map
380,0.36484309568452,0.5691130239148416,0.419184214224758,255,237,160,100,geodesic_map
381,0.10133566179454395,0.7118917072911364,0.2657848895974839,255,237,160,100,geodesic_map
382,0.16940190966516055,0.41946348103167663,0.5358244044423213,255,237,160,100,geodesic_map
383,0.0,0.4178920925953846,0.5626591496459752,255,237,160,100,geodesic_map
384,0.16906479935067553,0.42515865070353026,0.5437577376544559,255,237,160,100,geodesic_map
385,0.009737246158795176,0.4151442202056267,0.6132582725032656,255,237,160,100,geodesic_map
386,0.17424533231756384,0.4404687283640658,0.5846012677958788,255,237,160,100,geodesic_map
387,0.33439730449926486,0.4666450398370279,0.539261077636928,255,237,160,100,geodesic_map
388,0.010015791464222212,0.3814098863923019,0.5807214171996851,255,237,160,100,geodesic_map
389,0.008550280440232927,0.38262865841770816,0.5734752085156343,255,237,160,100,geodesic_map
390,0.16930771560052338,0.43855258630115124,0.5617506264109402,255,237,160,100,geodesic_map
391,0.3507264179987545,0.45595755348878386,0.42500726968596236,255,237,160,100,geodesic_map
392,0.17959455098783966,0.41294250404383326,0.41859010223774795,255,237,160,100,geodesic_map
393,0.18529849366016704,0.4139879179885451,0.39856722489291474,255,237,160,100,geodesic_map
394,0.3330019369231957,0.4732336054094418,0.46161596374259833,255,237,160,100,geodesic_map
395,0.012751084672771917,0.41992849049352204,0.3718169511999549,255,237,160,100,geodesic_map
396,0.0077516091670145615,0.45297155431296754,0.3747153333435259,255,237,160,100,geodesic_map
397,0.1802702377504385,0.5146978894719033,0.38162091659645836,255,237,160,100,geodesic_map
398,0.18193660908155707,0.5170788171766546,0.37768495945263175,255,237,160,100,geodesic_map
399,0.017706696673802702,0.5214439086269306,0.3366223726198577,255,237,160,100,geodesic_map
400,0.15982540597892908,0.4920756525893441,0.4654646727336941,255,237,160,100,geodesic_map
401,0.1595848998117585,0.4875932585898933,0.4691319289127583,255,237,160,100,geodesic_map
402,0.15943280351079958,0.4958716032670822,0.4687849330998649,255,237,160,100,geodesic_map
403,0.022065090187402603,0.4936132272913585,0.3234101412126626,255,237,160,100,geodesic_map
404,0.17522599495895058,0.479829401506207,0.3963498253849794,255,237,160,100,geodesic_map
405,0.33739709423963526,0.49326092242654435,0.4411089075799119,255,237,160,100,geodesic_map
406,0.33760389941736857,0.4776869129239105,0.4441828390667117,255,237,160,100,geodesic_map
407,0.022531260429256184,0.4455876449716339,0.33011480783992975,255,237,160,100,geodesic_map
408,0.033544012718970284,0.42651882892272863,0.30869807606125566,255,237,160,100,geodesic_map
409,0.19168939023160952,0.35532589245358037,0.46612705335783094,255,237,160,100,geodesic_map
410,0.19614752100000438,0.3424942129503178,0.4928405750392875,255,237,160,100,geodesic_map
411,0.35048929598934325,0.41190977576199156,0.49859646100257915,255,237,160,100,geodesic_map
412,0.08375814555224365,0.20317582231622966,0.4981174065468346,255,237,160,100,geodesic_map
413,0.35618584774146034,0.40299425345541673,0.4994757990335711,255,237,160,100,geodesic_map
414,0.08028593943908097,0.2086639192798525,0.48258696934608053,255,237,160,100,geodesic_map
415,0.34490725329043065,0.4235479255845663,0.48498779549096577,255,237,160,100,geodesic_map
416,0.03428625793150675,0.2956270517087042,0.45138448363950356,255,237,160,100,geodesic_map
417,0.3446799121998847,0.42321567047187997,0.4895127931521788,255,237,160,100,geodesic_map
418,0.38782383653308966,0.37902310522528726,0.4490037800777513,255,237,160,100,geodesic_map
419,0.38537178829118773,0.3817150858388428,0.4480523852909817,255,237,160,100,geodesic_map
420,0.172046493386944,0.15572771031918586,0.3152173385012851,255,237,160,100,geodesic_map
421,0.3901273232619593,0.3861578396708639,0.4315576116415988,255,237,160,100,geodesic_map
422,0.3852992749286349,0.38871790557642316,0.4350067027344023,255,237,160,100,geodesic_map
423,0.3818978248260729,0.39256649694989726,0.4345018704682681,255,237,160,100,geodesic_map
424,0.1108869399487532,0.19080893983548214,0.38209936579608356,255,237,160,100,geodesic_map
425,0.36223097778480184,0.4026932168081351,0.46064332193201396,255,237,160,100,geodesic_map
426,0.3697088618117439,0.3947418453443293,0.45649468344577043,255,237,160,100,geodesic_map
427,0.39716036627874174,0.38303646858985363,0.4266022443989989,255,237,160,100,geodesic_map
428,0.2915672130986869,0.2715326583184889,0.35643545205823535,255,237,160,100,geodesic_map
429,0.29170854436368726,0.2738495014231007,0.35275965484879135,255,237,160,100,geodesic_map
430,0.34453038665378155,0.28155787264144794,0.29203420540854697,255,237,160,100,geodesic_map
431,0.41666790685504435,0.39768669957412595,0.3912577420503919,255,237,160,100,geodesic_map
432,0.3310406718924891,0.30343754554800406,0.2812991013008126,255,237,160,100,geodesic_map
433,0.5381739823822554,0.38346661776920254,0.18963047484145246,255,237,160,100,geodesic_map
434,0.5581270418044707,0.4162426782278983,0.18292306137510417,255,237,160,100,geodesic_map
435,0.5590146049604362,0.4034334464805439,0.18660547484070739,255,237,160,100,geodesic_map
436,0.37230177938613307,0.42950704606631557,0.40852144189044043,255,237,160,100,geodesic_map
437,0.38057944934953175,0.42664735471759774,0.4005301667653194,255,237,160,100,geodesic_map
438,0.2591872703128446,0.350249189311283,0.31209534974846354,255,237,160,100,geodesic_map
439,0.3745178604499066,0.43390303289718124,0.4026934639743908,255,237,160,100,geodesic_map
440,0.12808049989452874,0.2887119997630391,0.2251421370012665,255,237,160,100,geodesic_map
441,0.1211073474322768,0.3354735381928284,0.20439889241487658,255,237,160,100,geodesic_map
442,0.3791435522164396,0.41811158794636233,0.4088727988691805,255,237,160,100,geodesic_map
443,0.38174260545964467,0.40972567689038025,0.4133691509228331,255,237,160,100,geodesic_map
444,0.3838163008472465,0.41531841034036504,0.40568005789959277,255,237,160,100,geodesic_map
445,0.42326902288801294,0.474133244876631,0.005662770198439082,255,237,160,100,geodesic_map
446,0.47296145315774357,0.47850753570862353,0.1680045958541883,255,237,160,100,geodesic_map
447,0.410733972001226,0.4932486548455408,0.007014036208624119,255,237,160,100,geodesic_map
448,0.41255099860470273,0.46645086270195796,0.1783908861687334,255,237,160,100,geodesic_map
449,0.47424536194149675,0.46871707696187315,0.3373503346479516,255,237,160,100,geodesic_map
450,0.3673741745542145,0.48212390750039513,0.016467861580410748,255,237,160,100,geodesic_map
451,0.29049723681008444,0.39325469921868456,0.05472916429919433,255,237,160,100,geodesic_map
452,0.2897023312910494,0.44228604567372765,0.046501551735591506,255,237,160,100,geodesic_map
453,0.42364992641314647,0.4583355184235885,0.35443670690174955,255,237,160,100,geodesic_map
454,0.38726050983330806,0.49754681162606,0.3717929449191608,255,237,160,100,geodesic_map
455,0.2818084870780304,0.5276509009167587,0.2432826497315146,255,237,160,100,geodesic_map
456,0.40869407802317304,0.5387013398609263,0.36211918366883067,255,237,160,100,geodesic_map
457,0.1309902830889138,0.43302360741163193,0.1591664101377257,255,237,160,100,geodesic_map
458,0.13236264441742607,0.451057548024035,0.1548391997918323,255,237,160,100,geodesic_map
459,0.13297329911578282,0.43899529974946727,0.15604437171331137,255,237,160,100,geodesic_map
460,0.40200297552824144,0.46513627295143944,0.3650737394166848,255,237,160,100,geodesic_map
461,0.22065072111782524,0.3914476447519109,0.0935806549491578,255,237,160,100,geodesic_map
462,0.22817692730244687,0.38725705893406925,0.08979016603196799,255,237,160,100,geodesic_map
463,0.38065463388705184,0.5165510521250043,0.3786735135579655,255,237,160,100,geodesic_map
464,0.2542781729074854,0.5351293647279008,0.26930937223382,255,237,160,100,geodesic_map
465,0.273246989711337,0.5175154217297029,0.24956853019283293,255,237,160,100,geodesic_map
466,0.3971251389036088,0.5255066167163127,0.3667244655254658,255,237,160,100,geodesic_map
467,0.193744768990864,0.5811407697660229,0.10655707046959528,255,237,160,100,geodesic_map
468,0.29947672284910815,0.5363949518062159,0.23089848848051686,255,237,160,100,geodesic_map
469,0.2526132978360289,0.6664974435657953,0.09304685421011005,255,237,160,100,geodesic_map
470,0.4182888832747352,0.5655199161265245,0.3665460252955368,255,237,160,100,geodesic_map
471,0.3407382822332541,0.6269894639803653,0.23140964890757215,255,237,160,100,geodesic_map
472,0.33902903151450214,0.402092316987968,0.22032557205755143,255,237,160,100,geodesic_map
473,0.36118453997034755,0.4142194161616883,0.20567241244803097,255,237,160,100,geodesic_map
474,0.3626147432831146,0.4356573872357872,0.19987152541868752,255,237,160,100,geodesic_map
475,0.1633082867499499,0.414686208596485,0.13190439486007494,255,237,160,100,geodesic_map
476,0.26729770062246205,0.46082408332024305,0.2571235794557776,255,237,160,100,geodesic_map
477,0.3816739984394313,0.4788569933489899,0.37822796930498226,255,237,160,100,geodesic_map
478,0.41482298856558364,0.4426249825091618,0.36434814672356686,255,237,160,100,geodesic_map
479,0.41679313575515714,0.4359870526118748,0.36606770772563246,255,237,160,100,geodesic_map
480,0.41442220185836254,0.4412954613085664,0.3651247024708846,255,237,160,100,geodesic_map
481,0.14868971938865116,0.49872515412729485,0.13570963624032256,255,237,160,100,geodesic_map
482,0.3770000045992411,0.4895777492137924,0.38132412882955435,255,237,160,100,geodesic_map
483,0.14240241620428729,0.49328783899550915,0.14170739166051904,255,237,160,100,geodesic_map
484,0.2731781617668782,0.5490448009459661,0.2537848934122623,255,237,160,100,geodesic_map
485,0.38471375538420005,0.534545902636101,0.37874909385355066,255,237,160,100,geodesic_map
486,0.15183623295401244,0.5698999523043355,0.13940550077325253,255,237,160,100,geodesic_map
487,0.3792770155656997,0.3626224500300207,0.03213575222466397,255,237,160,100,geodesic_map
488,0.47769825726720766,0.40189029730095227,0.18115260685906875,255,237,160,100,geodesic_map
489,0.39397264532060455,0.37957393258948,0.024391305178421474,255,237,160,100,geodesic_map
490,0.4562398225472192,0.4232990124444127,0.35598949056387263,255,237,160,100,geodesic_map
491,0.4336005853930151,0.34661210658158087,0.20855326548650738,255,237,160,100,geodesic_map
492,0.41526965722177356,0.35484206693676,0.20884312903337676,255,237,160,100,geodesic_map
493,0.5063871709853038,0.39366004863525333,0.011018480544585818,255,237,160,100,geodesic_map
494,0.5204276649534393,0.4420802577176376,0.17241769831832948,255,237,160,100,geodesic_map
495,0.504512199466958,0.43995516134099477,0.17194689109325456,255,237,160,100,geodesic_map
496,0.46080412247855396,0.4433051525480297,0.3463388862100999,255,237,160,100,geodesic_map
497,0.4421336136580831,0.3742399628890746,0.19455710210046562,255,237,160,100,geodesic_map
498,0.47565350295575554,0.44030813940454994,0.34490642701434476,255,237,160,100,geodesic_map
499,0.495218218006964,0.5005515329267382,0.0,255,237,160,100,geodesic_map
500,0.49382717566435386,0.5023465729140542,0.16668345069786944,255,237,160,100,geodesic_map
501,0.49580171356639857,0.5008576635735804,0.3333480559934355,255,237,160,100,geodesic_map
502,0.45565761435596275,0.5114394102999813,0.338356700986459,255,237,160,100,geodesic_map
503,0.48547096156153113,0.5083614432296557,0.3338356919541467,255,237,160,100,geodesic_map
504,0.43403208559135487,0.49934591641358383,0.3445917276710817,255,237,160,100,geodesic_map
505,0.48575330368861347,0.5185477156489852,0.00043628546808771596,255,237,160,100,geodesic_map
506,0.47041301165076144,0.5259221176980252,0.16857597812033887,255,237,160,100,geodesic_map
507,0.49472617253261836,0.4969990815451101,3.755172414687813e-06,255,237,160,100,geodesic_map
508,0.4918561517601346,0.5052028491108584,0.3334655293103774,255,237,160,100,geodesic_map
509,0.4942419549334548,0.5012553675452308,0.16667462902299046,255,237,160,100,geodesic_map
510,0.4944530675455746,0.5001169444529673,0.33334122118226794,255,237,160,100,geodesic_map
511,0.4331456270566164,0.5464402239426166,0.35199434475008073,255,237,160,100,geodesic_map
512,0.43359983224217846,0.5566016472828929,0.3553015390037688,255,237,160,100,geodesic_map
513,0.3604923642254316,0.5938382558965672,0.20875938272793743,255,237,160,100,geodesic_map
514,0.44884393154136054,0.5592362085802991,0.35086534918330015,255,237,160,100,geodesic_map
515,0.4500931024980246,0.556098307696155,0.34931753268045584,255,237,160,100,geodesic_map
516,0.45609848877171605,0.5571418147449728,0.3480752461448461,255,237,160,100,geodesic_map
517,0.3532341090244682,0.585130610532831,0.20952750423879984,255,237,160,100,geodesic_map
518,0.3514170673579748,0.6026570070300827,0.21597376433890975,255,237,160,100,geodesic_map
519,0.30157527221431946,0.6829153164629799,0.07464197932872951,255,237,160,100,geodesic_map
520,0.35974763863613984,0.5793396408391427,0.20493294151188823,255,237,160,100,geodesic_map
521,0.3854568441256735,0.5812064463966202,0.1951614464355898,255,237,160,100,geodesic_map
522,0.3547703358910135,0.5649374782957818,0.20378036187285226,255,237,160,100,geodesic_map
523,0.32812016383019016,0.6415242190143479,0.24623693725276768,255,237,160,100,geodesic_map
524,0.2569673833268432,0.7150084805780681,0.11302797761404626,255,237,160,100,geodesic_map
525,0.34218356864677657,0.63662657187907,0.2352122874963577,255,237,160,100,geodesic_map
526,0.48958050023093613,0.5887493223185362,0.17848428863181054,255,237,160,100,geodesic_map
527,0.5274047137160195,0.5460429067559672,0.1714103385479664,255,237,160,100,geodesic_map
528,0.5039558638898176,0.5605966852261759,0.1722651667911983,255,237,160,100,geodesic_map
529,0.5513113380351234,0.5734433821668634,0.1795348428192614,255,237,160,100,geodesic_map
530,0.5364300164309395,0.5294319492688405,0.34121218177533963,255,237,160,100,geodesic_map
531,0.614809771270501,0.616895181584642,0.028195443849309165,255,237,160,100,geodesic_map
532,0.5415567643860797,0.5497163014369234,0.34769499023342243,255,237,160,100,geodesic_map
533,0.5821556514540842,0.5830347195060337,0.18871089470986308,255,237,160,100,geodesic_map
534,0.605327803077286,0.6082835132755159,0.20381294643772074,255,237,160,100,geodesic_map
535,0.5301529736714735,0.58852171633741,0.008966696061321833,255,237,160,100,geodesic_map
536,0.5275980500462907,0.5601935057256243,0.1736704754943359,255,237,160,100,geodesic_map
537,0.5307940631951394,0.583002504599008,0.008076153942875863,255,237,160,100,geodesic_map
538,0.584281766139917,0.5521007457713041,0.010616826110989352,255,237,160,100,geodesic_map
539,0.5302066507316017,0.5199777781884938,0.33830813210303157,255,237,160,100,geodesic_map
540,0.6035719775107955,0.5618338850989713,0.015567752713193994,255,237,160,100,geodesic_map
541,0.5258988162336662,0.5584221461244309,0.17319452229224824,255,237,160,100,geodesic_map
542,0.501943506361604,0.5098924941158351,0.33380817389174255,255,237,160,100,geodesic_map
543,0.5291867790576589,0.5511983641928775,0.0037578248777728196,255,237,160,100,geodesic_map
544,0.5118167483393476,0.6409111747457951,0.0200086017290661,255,237,160,100,geodesic_map
545,0.5110474411619988,0.5528026554349791,0.34263545172642906,255,237,160,100,geodesic_map
546,0.5041623929122441,0.554050094124786,0.3425044776705676,255,237,160,100,geodesic_map
547,0.5458689395433372,0.5672611700397581,0.35583644245217644,255,237,160,100,geodesic_map
548,0.6019043208022491,0.6169625197942875,0.20579090899978425,255,237,160,100,geodesic_map
549,0.629241798232578,0.6650882879647899,0.046302795824212484,255,237,160,100,geodesic_map
550,0.5626855801319051,0.6634307149154018,0.03145374138705753,255,237,160,100,geodesic_map
551,0.5282298933881853,0.5624593987975044,0.3488526860465154,255,237,160,100,geodesic_map
552,0.5568590207376166,0.6813888640031387,0.03709511306332386,255,237,160,100,geodesic_map
553,0.4529269153675166,0.7143728823339418,0.24545280162039068,255,237,160,100,geodesic_map
554,0.4303572417350884,0.6979905727922758,0.23736388207816844,255,237,160,100,geodesic_map
555,0.3929394052193112,0.8152189047696392,0.12104822121208081,255,237,160,100,geodesic_map
556,0.3821385594489973,0.7976922047876298,0.11049150766268262,255,237,160,100,geodesic_map
557,0.4351891185851658,0.8013321099255782,0.10180078697088685,255,237,160,100,geodesic_map
558,0.4312512393097017,0.7778769262481053,0.08621437760744194,255,237,160,100,geodesic_map
559,0.42633704809418393,0.6729846831647455,0.22173398026807895,255,237,160,100,geodesic_map
560,0.405262572181223,0.7009860887442845,0.24694753905918249,255,237,160,100,geodesic_map
561,0.4776037418582135,0.5717816968990089,0.350259027918783,255,237,160,100,geodesic_map
562,0.5460338695345526,0.7221578531051225,0.2536868615567373,255,237,160,100,geodesic_map
563,0.5431200092836385,0.7095987231465559,0.24270880375436177,255,237,160,100,geodesic_map
564,0.5255815112756823,0.6020554294272903,0.37085256232451214,255,237,160,100,geodesic_map
565,0.5715178578188997,0.6482285109119765,0.21019966023239728,255,237,160,100,geodesic_map
566,0.607936998751758,0.760342426707824,0.08551493204076721,255,237,160,100,geodesic_map
567,0.5825430722444576,0.6544395894976146,0.2164672218102957,255,237,160,100,geodesic_map
568,0.5480750288060111,0.5931256231047882,0.3714510950832802,255,237,160,100,geodesic_map
569,0.5389764595777017,0.5991567048806581,0.3724659055925614,255,237,160,100,geodesic_map
570,0.65855867656576,0.7990787659484275,0.129673226386619,255,237,160,100,geodesic_map
571,0.4858674659786202,0.5964649974033844,0.3636227427825015,255,237,160,100,geodesic_map
572,0.5355542815088636,0.7521022540905496,0.06783182513986002,255,237,160,100,geodesic_map
573,0.5070219465944558,0.5934900172533109,0.3618585965587501,255,237,160,100,geodesic_map
574,0.45197873612171463,0.758815149781058,0.2893367200220041,255,237,160,100,geodesic_map
575,0.4727486403468366,0.6144031417875123,0.379467136464565,255,237,160,100,geodesic_map
576,0.4797146880861961,0.6258543804059233,0.3899326529696057,255,237,160,100,geodesic_map
577,0.4972851871593888,0.6185359668688523,0.38138903966700877,255,237,160,100,geodesic_map
578,0.5013480094514605,0.6270867004967196,0.3904686591273732,255,237,160,100,geodesic_map
579,0.5070193469688179,0.8747483807874239,0.1624403840301577,255,237,160,100,geodesic_map
580,0.5332560605595935,0.893936477726768,0.18630980965180044,255,237,160,100,geodesic_map
581,0.5278545958157792,0.754968055599055,0.2831400298726946,255,237,160,100,geodesic_map
582,0.5199127884469795,0.623423953072678,0.38902882866724847,255,237,160,100,geodesic_map
583,0.4965362550657679,0.6480754837810057,0.41975438947120386,255,237,160,100,geodesic_map
584,0.5043664032727477,0.8078542199231835,0.3613186564108338,255,237,160,100,geodesic_map
585,0.5128205327114196,0.9564427446870137,0.28048054822179325,255,237,160,100,geodesic_map
586,0.4781482284898163,0.6450042180334852,0.4160969657839319,255,237,160,100,geodesic_map
587,0.43636881639815434,0.9390223857640885,0.2546073804814304,255,237,160,100,geodesic_map
588,0.45654195904735295,0.7912731885622017,0.3342218190478379,255,237,160,100,geodesic_map
589,0.4998328814779784,0.6335804852502767,0.39814996364486455,255,237,160,100,geodesic_map
590,0.4912667233628575,0.7600681169515336,0.2866002722380789,255,237,160,100,geodesic_map
591,0.5035618423599867,0.7574687295375402,0.28371482954442895,255,237,160,100,geodesic_map
592,0.6110816947131,0.7694547588797415,0.33406411174073825,255,237,160,100,geodesic_map
593,0.6775980435189835,0.8855539252354374,0.22892028749480792,255,237,160,100,geodesic_map
594,0.5547338110880393,0.6292494441575502,0.41058096520786064,255,237,160,100,geodesic_map
595,0.5506218184021582,0.771633981762913,0.3087741679742465,255,237,160,100,geodesic_map
596,0.5698302702287126,0.913610059232941,0.2189310818273229,255,237,160,100,geodesic_map
597,0.5305100751196661,0.630252410700824,0.3999672386042612,255,237,160,100,geodesic_map
598,0.5462366528868181,0.6521577078370852,0.44828071566870625,255,237,160,100,geodesic_map
599,0.5403368658919335,0.6491583173963371,0.43589871513199474,255,237,160,100,geodesic_map
600,0.6226871265012028,0.9505921958773174,0.30597737913940326,255,237,160,100,geodesic_map
601,0.5650624940463427,0.9881157189808836,0.3783689670882682,255,237,160,100,geodesic_map
602,0.5440041280297777,0.8223467298788998,0.4098114131551259,255,237,160,100,geodesic_map
603,0.5718483228325026,0.9871754321562252,0.3787458850686566,255,237,160,100,geodesic_map
604,0.5356323242538088,0.6536078794030884,0.44342196464123695,255,237,160,100,geodesic_map
605,0.6118109656472238,0.9636448932134253,0.33051471880061933,255,237,160,100,geodesic_map
606,0.5366311428513644,0.6538498781488465,0.4447876552819674,255,237,160,100,geodesic_map
607,0.7715699437223602,0.6553494671495554,0.38721452406910045,255,237,160,100,geodesic_map
608,0.8797589567860729,0.7508228837461576,0.2901235180517545,255,237,160,100,geodesic_map
609,0.8824257735205542,0.7475241865212465,0.2911417062293452,255,237,160,100,geodesic_map
610,0.8037851975252548,0.8707108195715135,0.34631339971584074,255,237,160,100,geodesic_map
611,0.703169648350661,0.747027316217926,0.40257038770178255,255,237,160,100,geodesic_map
612,0.5992464213736737,0.623046387685673,0.45141554452826327,255,237,160,100,geodesic_map
613,0.6171907923675012,0.5893235458285049,0.4269981071248764,255,237,160,100,geodesic_map
614,0.734529081794852,0.6977258126896931,0.36979252086283887,255,237,160,100,geodesic_map
615,0.8643403624800499,0.7741224252656644,0.2911806139879755,255,237,160,100,geodesic_map
616,0.5802631139477249,0.6456095284987968,0.50341344303245,255,237,160,100,geodesic_map
617,0.6683097104058714,0.7903675495807094,0.5000974367762613,255,237,160,100,geodesic_map
618,0.772105745269565,0.9250209647270591,0.5069240820406525,255,237,160,100,geodesic_map
619,0.6064577100884635,0.626102297104456,0.4900461965184843,255,237,160,100,geodesic_map
620,0.8128778670720105,0.8946219890973708,0.48089939747066485,255,237,160,100,geodesic_map
621,0.8289903543068569,0.8812474765242401,0.4896749364429618,255,237,160,100,geodesic_map
622,0.6620243252456381,0.7860686070591849,0.5670178716503328,255,237,160,100,geodesic_map
623,0.7462199208878311,0.9364571201530145,0.5626366707666592,255,237,160,100,geodesic_map
624,0.6730527129467212,0.7789564619957368,0.5681838973895362,255,237,160,100,geodesic_map
625,0.7298551883747735,0.7156793032864001,0.6093097757658399,255,237,160,100,geodesic_map
626,0.6108703907143692,0.6108844990425663,0.5511364825659614,255,237,160,100,geodesic_map
627,0.719736416086153,0.7337249116232154,0.5930477433316209,255,237,160,100,geodesic_map
628,0.6117138794833739,0.6176815055336602,0.5302563281683719,255,237,160,100,geodesic_map
629,0.8570333231888937,0.8423770880661781,0.5904180621528123,255,237,160,100,geodesic_map
630,0.7305173987584017,0.7338498259494682,0.5611743663943779,255,237,160,100,geodesic_map
631,0.6007638998053919,0.6222853693073644,0.5472334676224713,255,237,160,100,geodesic_map
632,0.6030601261601962,0.6198844811571979,0.548101836341897,255,237,160,100,geodesic_map
633,0.5993696167665274,0.6225190424546041,0.5496247922125512,255,237,160,100,geodesic_map
634,0.6238719633134001,0.5651880353117059,0.5855359083544013,255,237,160,100,geodesic_map
635,0.8821256579751655,0.6798410006936447,0.7680293799921254,255,237,160,100,geodesic_map
636,0.8640606422593176,0.7327638866734502,0.7531528770327962,255,237,160,100,geodesic_map
637,0.9158909162839104,0.6987958999452029,0.6954084881023174,255,237,160,100,geodesic_map
638,0.6344405875757466,0.5667515837250917,0.565860160935762,255,237,160,100,geodesic_map
639,0.638946136720817,0.5618375028901865,0.5608488932826393,255,237,160,100,geodesic_map
640,0.7536992610063906,0.6345589706897659,0.6671239334155478,255,237,160,100,geodesic_map
641,0.8682811489177433,0.7356389646993813,0.7443699459961503,255,237,160,100,geodesic_map
642,0.7574357728531622,0.6115577900935939,0.6775186480322295,255,237,160,100,geodesic_map
643,0.6385959918758524,0.586370214257811,0.5162027618061255,255,237,160,100,geodesic_map
644,0.6395984456814462,0.5848290579614613,0.5153615137763616,255,237,160,100,geodesic_map
645,0.9359461180225923,0.7459082667548472,0.5315671118304353,255,237,160,100,geodesic_map
646,0.6397136576754314,0.5855829242156477,0.4911662387806649,255,237,160,100,geodesic_map
647,0.9319188096167843,0.754406113105613,0.48141384491537287,255,237,160,100,geodesic_map
648,0.9258706770121072,0.7652259516857122,0.493099233184107,255,237,160,100,geodesic_map
649,0.6435757549137118,0.578764577688011,0.4923804018813334,255,237,160,100,geodesic_map
650,0.7910148121070424,0.66011446109726,0.4808707233019386,255,237,160,100,geodesic_map
651,0.6440495370000211,0.5770854723950669,0.4867951597258116,255,237,160,100,geodesic_map
652,0.7913540513278923,0.5735452265934549,0.6406776349689682,255,237,160,100,geodesic_map
653,0.940203077181512,0.6058668110404356,0.7121191841655466,255,237,160,100,geodesic_map
654,0.9274807026186331,0.5704213618793524,0.748992935775614,255,237,160,100,geodesic_map
655,0.6546081192512122,0.5441757269006219,0.5295645543792031,255,237,160,100,geodesic_map
656,0.8135466549729455,0.5631236358865951,0.5884090622959957,255,237,160,100,geodesic_map
657,0.8109114705736036,0.5724623879200441,0.5906639837251225,255,237,160,100,geodesic_map
658,0.6516609094812512,0.5096558379663316,0.5601981258768961,255,237,160,100,geodesic_map
659,0.6528155097978597,0.5132318039239203,0.5564325323620113,255,237,160,100,geodesic_map
660,0.6547056673475753,0.5054351091571954,0.5524130921721871,255,237,160,100,geodesic_map
661,0.8199326510429442,0.5778308663664353,0.4578960283558036,255,237,160,100,geodesic_map
662,0.6598691288954994,0.5320476388723996,0.4895800385544943,255,237,160,100,geodesic_map
663,0.9939855784267715,0.5733481992307026,0.4692968069351716,255,237,160,100,geodesic_map
664,0.9909316421622515,0.5911689835300036,0.5326786279637139,255,237,160,100,geodesic_map
665,0.9910358481120105,0.5923315274169344,0.5275571353208269,255,237,160,100,geodesic_map
666,0.8254634292749088,0.5608874590305694,0.5226610548495881,255,237,160,100,geodesic_map
667,0.8247190149879627,0.5656456802100989,0.4798220479424849,255,237,160,100,geodesic_map
668,0.6591171529741535,0.5358971609324638,0.4903202967853827,255,237,160,100,geodesic_map
669,0.6578131877836203,0.540857839322868,0.4882694039072092,255,237,160,100,geodesic_map
670,0.6625646858659074,0.515580079197787,0.49706235215188316,255,237,160,100,geodesic_map
671,1.0,0.5123500210572899,0.4876882499969675,255,237,160,100,geodesic_map
672,0.9992156687187115,0.4971644627186274,0.467063356672922,255,237,160,100,geodesic_map
673,0.8286588373925854,0.5298858436014366,0.5344932504600558,255,237,160,100,geodesic_map
674,0.6621202264521717,0.5073018597080606,0.5186544696679772,255,237,160,100,geodesic_map
675,0.9965224615789139,0.5307218947925172,0.5528432295388777,255,237,160,100,geodesic_map
676,0.659308654126886,0.5160238573717945,0.4675615714411071,255,237,160,100,geodesic_map
677,0.813927227111711,0.5279560927761806,0.3965147946789445,255,237,160,100,geodesic_map
678,0.824196729987773,0.522975225062273,0.43333136435139524,255,237,160,100,geodesic_map
679,0.9849162866819856,0.4945324105446811,0.37760369424325213,255,237,160,100,geodesic_map
680,0.6590821063552214,0.485725956076125,0.465142515200774,255,237,160,100,geodesic_map
681,0.6571866968336716,0.48980248094135953,0.45627932728808196,255,237,160,100,geodesic_map
682,0.8236118029219963,0.5027723610806615,0.4268643315911817,255,237,160,100,geodesic_map
683,0.8230660999517924,0.5049170752178475,0.4246278730930939,255,237,160,100,geodesic_map
684,0.9837225124798601,0.5184740864532174,0.37432829725968675,255,237,160,100,geodesic_map
685,0.6477339207668851,0.5295800776500147,0.4365015643521761,255,237,160,100,geodesic_map
686,0.9522120070198479,0.5881264729632714,0.30578281054329626,255,237,160,100,geodesic_map
687,0.6474368479508764,0.5284572953244167,0.43530762814498547,255,237,160,100,geodesic_map
688,0.9035423455442784,0.4281763033395706,0.21419193502812606,255,237,160,100,geodesic_map
689,0.6206430148784646,0.4755048170516998,0.3915919722639389,255,237,160,100,geodesic_map
690,0.8927751806793794,0.42313664304098525,0.200886733300711,255,237,160,100,geodesic_map
691,0.6317098534402614,0.5038808644484116,0.4028592776854333,255,237,160,100,geodesic_map
692,0.9133235455859005,0.48233809566167324,0.2200471727142973,255,237,160,100,geodesic_map
693,0.6316628166600098,0.4971446818350271,0.40271580625682657,255,237,160,100,geodesic_map
694,0.7869609727077618,0.46647667408059695,0.3369518095247008,255,237,160,100,geodesic_map
695,0.6406955153161458,0.4973864551801267,0.41652907883822554,255,237,160,100,geodesic_map
696,0.7848543796916151,0.4895021334573817,0.3304932507382167,255,237,160,100,geodesic_map
697,0.638166756151028,0.4741404659170836,0.4158909975572802,255,237,160,100,geodesic_map
698,0.6423860678101264,0.4646260467897423,0.4270330610247208,255,237,160,100,geodesic_map
699,0.9324516788967316,0.3880836451942703,0.27484929464897767,255,237,160,100,geodesic_map
700,0.844270881001505,0.27136954537740515,0.2164085000533026,255,237,160,100,geodesic_map
701,0.8440249320642883,0.27437143450932466,0.2138122751758158,255,237,160,100,geodesic_map
702,0.6091850801502117,0.4256412572232407,0.40123435100194604,255,237,160,100,geodesic_map
703,0.6122481245188496,0.417718069377263,0.4112662643049096,255,237,160,100,geodesic_map
704,0.7222051039405394,0.34788690442229087,0.30398465417996334,255,237,160,100,geodesic_map
705,0.735620809079617,0.3588741654270326,0.3119311354627088,255,237,160,100,geodesic_map
706,0.6294825654920386,0.43664137080746934,0.42089421344521205,255,237,160,100,geodesic_map
707,0.6297780115022401,0.4515205860994755,0.4118788243214808,255,237,160,100,geodesic_map
708,0.6258499482926804,0.44529153615810474,0.40958192046213016,255,237,160,100,geodesic_map
709,0.931835209873916,0.3198833592752104,0.32083074010365287,255,237,160,100,geodesic_map
710,0.6460781638415577,0.4499332849457236,0.44474204185831084,255,237,160,100,geodesic_map
711,0.9413524757363421,0.32877496192480227,0.3360644314867154,255,237,160,100,geodesic_map
712,0.6339252416052653,0.4569394379575589,0.41559016652272335,255,237,160,100,geodesic_map
713,0.6280424507142611,0.4499030780961778,0.4101729528103874,255,237,160,100,geodesic_map
714,0.6297438184542561,0.4520638845126387,0.4115456173427452,255,237,160,100,geodesic_map
715,0.7813010542123395,0.18551209896613668,0.22660114069620718,255,237,160,100,geodesic_map
716,0.6923801299689303,0.29621355623519957,0.3179207348073696,255,237,160,100,geodesic_map
717,0.6607118243456229,0.30430015039086006,0.2820151471137968,255,237,160,100,geodesic_map
718,0.5862336619742157,0.32274162424556724,0.23005444890723836,255,237,160,100,geodesic_map
719,0.5926322105581585,0.3116577943909381,0.23962908552700224,255,237,160,100,geodesic_map
720,0.6119707240026943,0.333457246159886,0.23324205383413182,255,237,160,100,geodesic_map
721,0.6372897722538147,0.19848689176495327,0.12201464165566861,255,237,160,100,geodesic_map
722,0.6562971905485475,0.22170317224119607,0.11247844091440351,255,237,160,100,geodesic_map
723,0.5450858434294207,0.40494669229534747,0.3706990572341623,255,237,160,100,geodesic_map
724,0.5577007232838871,0.3899330585460944,0.3887650129036367,255,237,160,100,geodesic_map
725,0.5616684624795216,0.4118577281260528,0.37338069738260604,255,237,160,100,geodesic_map
726,0.5571593785465245,0.3971825709270181,0.38202375321396315,255,237,160,100,geodesic_map
727,0.6727618812406455,0.18671025678937891,0.14674710126767165,255,237,160,100,geodesic_map
728,0.7235422931249801,0.19788238047617002,0.16653215102623942,255,237,160,100,geodesic_map
729,0.6304066614845872,0.29636938554209946,0.26889268717624615,255,237,160,100,geodesic_map
730,0.5093558179385788,0.35387280743390365,0.41534121249967354,255,237,160,100,geodesic_map
731,0.5100412831095401,0.3568070295810235,0.41076953844271824,255,237,160,100,geodesic_map
732,0.5134964830768112,0.20540502913898784,0.334298432512553,255,237,160,100,geodesic_map
733,0.4783565475007312,0.19501360987511884,0.3532566588719023,255,237,160,100,geodesic_map
734,0.46278440707838875,0.04521018504558222,0.2761343384916587,255,237,160,100,geodesic_map
735,0.4532419935095269,0.04339913975424531,0.2812815622613994,255,237,160,100,geodesic_map
736,0.5180437693307459,0.07071771474520755,0.23108881015544058,255,237,160,100,geodesic_map
737,0.5101293578236294,0.36190163832402283,0.4033832235804721,255,237,160,100,geodesic_map
738,0.5403658797726641,0.0759257863229374,0.22596875177979525,255,237,160,100,geodesic_map
739,0.48231604597096134,0.34691366926910916,0.4277617681267065,255,237,160,100,geodesic_map
740,0.4043412427627477,0.0629746349867426,0.25843060794542627,255,237,160,100,geodesic_map
741,0.46380153226228055,0.19752883084965456,0.3505827774262519,255,237,160,100,geodesic_map
742,0.6273868027849229,0.04369588715028544,0.31940317852694655,255,237,160,100,geodesic_map
743,0.545839290505401,0.35245131517749934,0.43343533692941755,255,237,160,100,geodesic_map
744,0.6380395138276787,0.24156509638797297,0.3357457931861443,255,237,160,100,geodesic_map
745,0.7214223392129911,0.10383491230383052,0.27878557962531664,255,237,160,100,geodesic_map
746,0.5676803032558831,0.3675344570524152,0.42358461069546416,255,237,160,100,geodesic_map
747,0.7171329945680954,0.10264476647819049,0.27659352753118066,255,237,160,100,geodesic_map
748,0.7530366288582939,0.15486781660683163,0.2347523980873774,255,237,160,100,geodesic_map
749,0.5671054081592506,0.375954955254612,0.41059719788438354,255,237,160,100,geodesic_map
750,0.5737997090347352,0.38645372719342397,0.4030738390976372,255,237,160,100,geodesic_map
751,0.5349610409131016,0.3458899342522528,0.44084182839265396,255,237,160,100,geodesic_map
752,0.5702538246857257,0.19098035814276715,0.3822729555949769,255,237,160,100,geodesic_map
753,0.6210301118139783,0.03075796774952455,0.34935687754910266,255,237,160,100,geodesic_map
754,0.5818473039700509,0.009847382371128865,0.3925476859957014,255,237,160,100,geodesic_map
755,0.5424912789652021,0.16861638425993702,0.4415290944847773,255,237,160,100,geodesic_map
756,0.5360694529994011,0.16747509948028033,0.44301209949335274,255,237,160,100,geodesic_map
757,0.6516664125033643,0.025206381774599218,0.4042685029936622,255,237,160,100,geodesic_map
758,0.7089325828175204,0.06834576892476324,0.33864371338390237,255,237,160,100,geodesic_map
759,0.5557595673805191,0.34959330816918655,0.44972137564443054,255,237,160,100,geodesic_map
760,0.7668086546791966,0.12349040611844697,0.29648905684642585,255,237,160,100,geodesic_map
761,0.7796823221821418,0.12902326708382467,0.30408141940987227,255,237,160,100,geodesic_map
762,0.5852720389859795,0.37734235605657246,0.426307845835708,255,237,160,100,geodesic_map
763,0.7538653960389448,0.11412089084672977,0.29686214514701037,255,237,160,100,geodesic_map
764,0.6648288480790928,0.2242947904453934,0.4005111723482375,255,237,160,100,geodesic_map
765,0.7827130312748596,0.11907087898654545,0.3282960824700236,255,237,160,100,geodesic_map
766,0.7109454587645598,0.26850009699372857,0.3815004331809935,255,237,160,100,geodesic_map
767,0.6026503418109799,0.37921785139427777,0.4500113683374412,255,237,160,100,geodesic_map
768,0.6056242432465919,0.38766920388017,0.4387479124643878,255,237,160,100,geodesic_map
769,0.8714591140620431,0.181815684966312,0.38167453211371294,255,237,160,100,geodesic_map
770,0.8820423594926319,0.18351092047412576,0.41558031912945326,255,237,160,100,geodesic_map
771,0.7596058313798106,0.2962378147834952,0.4475102049542308,255,237,160,100,geodesic_map
772,0.7654514065774731,0.30751593557997836,0.4368498069220484,255,237,160,100,geodesic_map
773,0.7712264667728027,0.313592003913092,0.44423793479743134,255,237,160,100,geodesic_map
774,0.9012237857566645,0.2182596217414538,0.3893965226328563,255,237,160,100,geodesic_map
775,0.6383457349158499,0.41062951519564367,0.4929777269995019,255,237,160,100,geodesic_map
776,0.6313396346149972,0.4005008429187982,0.48831191285631653,255,237,160,100,geodesic_map
777,0.7710602112361147,0.3055428395442096,0.48406445646159224,255,237,160,100,geodesic_map
778,0.7887228636489901,0.33343958334699014,0.4911887865793158,255,237,160,100,geodesic_map
779,0.9310435880925286,0.24251436636145812,0.48484745275180974,255,237,160,100,geodesic_map
780,0.7900177006513831,0.33555493280483284,0.49801610028558485,255,237,160,100,geodesic_map
781,0.6401061496814383,0.4133375805013552,0.5028977028845396,255,237,160,100,geodesic_map
782,0.6328079373180877,0.40207966167357356,0.5064214298917704,255,237,160,100,geodesic_map
783,0.7796275932213452,0.31928721910765934,0.5225108703052161,255,237,160,100,geodesic_map
784,0.638229578972816,0.4107970286657135,0.4894890215696607,255,237,160,100,geodesic_map
785,0.641204464525521,0.4151984276414241,0.5005458107092888,255,237,160,100,geodesic_map
786,0.9427095932919205,0.26358821136523714,0.5121691708004111,255,237,160,100,geodesic_map
787,0.5349149807184348,0.1634854483914458,0.5277830230979761,255,237,160,100,geodesic_map
788,0.519935752015989,0.33162122407299366,0.5062618356850399,255,237,160,100,geodesic_map
789,0.5252110338686308,0.33239748750229536,0.4980728404564732,255,237,160,100,geodesic_map
790,0.6919109270397077,0.22406013603077063,0.49299725041904696,255,237,160,100,geodesic_map
791,0.7673502605088491,0.07060882441415911,0.4899724518987001,255,237,160,100,geodesic_map
792,0.7967557696324883,0.09114020558785846,0.4880309700170643,255,237,160,100,geodesic_map
793,0.5937115158751243,0.0,0.5006061472975246,255,237,160,100,geodesic_map
794,0.5173238826560469,0.33137443026806446,0.5089859413199472,255,237,160,100,geodesic_map
795,0.5786625579577185,0.17058636451886056,0.5046997538111945,255,237,160,100,geodesic_map
796,0.609219624668586,0.377126679555462,0.5241587576824693,255,237,160,100,geodesic_map
797,0.8458225223551739,0.14175290489540338,0.5785783313617188,255,237,160,100,geodesic_map
798,0.7306028361893114,0.2585191509807535,0.5285272004175354,255,237,160,100,geodesic_map
799,0.679025173976337,0.025232784948515663,0.49211407925452316,255,237,160,100,geodesic_map
800,0.5557486416723821,0.3410783857427231,0.499004212779414,255,237,160,100,geodesic_map
801,0.6755375734600731,0.024029892763053895,0.5143649613027993,255,237,160,100,geodesic_map
802,0.6701558136526484,0.21642051422619196,0.5621636159020107,255,237,160,100,geodesic_map
803,0.5776951808970903,0.35456197073775686,0.5292598638618866,255,237,160,100,geodesic_map
804,0.5927190639126411,0.3628960567132892,0.5214510374642326,255,237,160,100,geodesic_map
805,0.532703230271972,0.34560368742882774,0.5599096829375804,255,237,160,100,geodesic_map
806,0.545585865290879,0.3484625543106206,0.5575582943081014,255,237,160,100,geodesic_map
807,0.6064139369618373,0.19702245641534,0.6039619135313535,255,237,160,100,geodesic_map
808,0.5892105258031184,0.1843834492685572,0.5821570926310732,255,237,160,100,geodesic_map
809,0.5361288866424241,0.3371190123165445,0.5271720525723741,255,237,160,100,geodesic_map
810,0.5833693088382974,0.1829211383122476,0.5830930892240788,255,237,160,100,geodesic_map
811,0.6725088577065698,0.2133715444922008,0.537128395514071,255,237,160,100,geodesic_map
812,0.5710779524572229,0.3500834057043319,0.5248161736309072,255,237,160,100,geodesic_map
813,0.6789639880023675,0.03926595049119613,0.6128219572322222,255,237,160,100,geodesic_map
814,0.7227772776521488,0.25858043466948366,0.5662835268225658,255,237,160,100,geodesic_map
815,0.8103379110644546,0.11326652055696496,0.5942740654173089,255,237,160,100,geodesic_map
816,0.696612978259066,0.24145572048131225,0.5846160003902995,255,237,160,100,geodesic_map
817,0.7567601463426303,0.08676611012417867,0.636930335501707,255,237,160,100,geodesic_map
818,0.5708610500372729,0.3532725246994105,0.5394544019596357,255,237,160,100,geodesic_map
819,0.5818570422103688,0.3611467199893432,0.544291652638167,255,237,160,100,geodesic_map
820,0.7225160447739536,0.2696085042579721,0.5975407673885569,255,237,160,100,geodesic_map
821,0.6087632253035866,0.3824147294829939,0.5436509735329189,255,237,160,100,geodesic_map
822,0.6076933193090622,0.3815488166562794,0.5441223023097181,255,237,160,100,geodesic_map
823,0.7542282038599764,0.12773172700065044,0.7258820251787887,255,237,160,100,geodesic_map
824,0.7586594119964637,0.11871792621338667,0.7054627536220351,255,237,160,100,geodesic_map
825,0.6653864207064824,0.24163018375233247,0.636465692521297,255,237,160,100,geodesic_map
826,0.661058113058304,0.0652725912232694,0.7032068486953711,255,237,160,100,geodesic_map
827,0.6274583973034549,0.21862563447535055,0.6338944822579379,255,237,160,100,geodesic_map
828,0.6850418399390586,0.0629125723538011,0.675919486003921,255,237,160,100,geodesic_map
829,0.6547457650981185,0.24647406350471157,0.656360059521271,255,237,160,100,geodesic_map
830,0.5721379017976866,0.37331909908890637,0.581399436924811,255,237,160,100,geodesic_map
831,0.7111443156904637,0.10582932308574561,0.7343407894665864,255,237,160,100,geodesic_map
832,0.612185060688794,0.4106818562001815,0.5820725217771936,255,237,160,100,geodesic_map
833,0.7262748097174454,0.3116138295657117,0.6572801761060625,255,237,160,100,geodesic_map
834,0.6091144044757003,0.4059214954531104,0.5812146486653238,255,237,160,100,geodesic_map
835,0.6237333132653783,0.4333059316945642,0.5856092931655852,255,237,160,100,geodesic_map
836,0.8815101228593871,0.33030680123909184,0.7759979750679797,255,237,160,100,geodesic_map
837,0.751056665602816,0.3716038942840386,0.6765288720057132,255,237,160,100,geodesic_map
838,0.6018281621896469,0.06275430505268131,0.7345429876193456,255,237,160,100,geodesic_map
839,0.5637785852625895,0.22309521635994878,0.6813410757835816,255,237,160,100,geodesic_map
840,0.53020676621473,0.3625190578311652,0.5922391494069554,255,237,160,100,geodesic_map
841,0.4515786774603023,0.39046159748387665,0.6204755226487214,255,237,160,100,geodesic_map
842,0.4190825486053926,0.26713107725192364,0.7312973464034395,255,237,160,100,geodesic_map
843,0.4593120578665671,0.37532241209037953,0.6082176563895446,255,237,160,100,geodesic_map
844,0.4949594876636532,0.2312437618708063,0.7044680700421514,255,237,160,100,geodesic_map
845,0.5051725721625449,0.09205439272335814,0.7999078134975143,255,237,160,100,geodesic_map
846,0.5398694742904732,0.08832237996145986,0.7917581356629946,255,237,160,100,geodesic_map
847,0.467116937392258,0.12424814686137275,0.8370224772997592,255,237,160,100,geodesic_map
848,0.5268543035530865,0.23825624253983885,0.7106794828515631,255,237,160,100,geodesic_map
849,0.5213258349836877,0.2385712192536557,0.7118026966449432,255,237,160,100,geodesic_map
850,0.619186496475465,0.14218030247961616,0.8344863947868193,255,237,160,100,geodesic_map
851,0.5869126927265291,0.2710453831915898,0.7292871767806126,255,237,160,100,geodesic_map
852,0.564559336566901,0.26121180937693445,0.7273473620018097,255,237,160,100,geodesic_map
853,0.36956288360608136,0.07280529534772434,0.7433057271535236,255,237,160,100,geodesic_map
854,0.4174818319432077,0.2174839045847159,0.6692488841549874,255,237,160,100,geodesic_map
855,0.4541126584712207,0.3557181161543803,0.579134407326552,255,237,160,100,geodesic_map
856,0.612156420872979,0.4741490975293994,0.6170929964574121,255,237,160,100,geodesic_map
857,0.744821520624393,0.464101915968065,0.7208809749723024,255,237,160,100,geodesic_map
858,0.8574498758536286,0.4343005347037248,0.8424777295178516,255,237,160,100,geodesic_map
859,0.6991582364485118,0.38703825401091524,0.9438705736314952,255,237,160,100,geodesic_map
860,0.5757488985470275,0.46232825999887184,0.6416395750348867,255,237,160,100,geodesic_map
861,0.6475431627229781,0.4290174189325446,0.7890434738396659,255,237,160,100,geodesic_map
862,0.315555167666138,0.14854795896788964,0.8160295137477905,255,237,160,100,geodesic_map
863,0.4343633112873029,0.37988722749193155,0.6021581393108764,255,237,160,100,geodesic_map
864,0.3639711378138899,0.2710490452409989,0.7099721593702724,255,237,160,100,geodesic_map
865,0.567719858737824,0.4312137027171759,0.6345913945733805,255,237,160,100,geodesic_map
866,0.6355821935299202,0.36171279999164807,0.7710774574148795,255,237,160,100,geodesic_map
867,0.6408896976858567,0.38372886906445525,0.7781553613575096,255,237,160,100,geodesic_map
868,0.630598755115978,0.3494125121828898,0.7672453933745268,255,237,160,100,geodesic_map
869,0.5625614232164831,0.42184371198600507,0.6323191079554152,255,237,160,100,geodesic_map
870,0.5595569538989142,0.4267535490923823,0.6364116696969815,255,237,160,100,geodesic_map
871,0.6793914914802673,0.40911314348783623,0.7644904876267218,255,237,160,100,geodesic_map
872,0.7658041322193048,0.33544819721556374,0.8902380686921769,255,237,160,100,geodesic_map
873,0.7912283956423054,0.37013906946231967,0.8846768967696248,255,237,160,100,geodesic_map
874,0.4871077704670598,0.3991390461142257,0.6343152205174832,255,237,160,100,geodesic_map
875,0.48495417958345455,0.4101013404395706,0.6414424880890253,255,237,160,100,geodesic_map
876,0.49895084958728236,0.3961814657569246,0.632301265919286,255,237,160,100,geodesic_map
877,0.5927504954075573,0.5325567042048986,0.6316973288912227,255,237,160,100,geodesic_map
878,0.5846265184248913,0.5459501618140263,0.6334338179721102,255,237,160,100,geodesic_map
879,0.5915957243767591,0.5400870866709575,0.6304869811897751,255,237,160,100,geodesic_map
880,0.27559593662470694,0.21593028518098495,0.8542560066143488,255,237,160,100,geodesic_map
881,0.28530980498153247,0.2262979921691221,0.8676114263220718,255,237,160,100,geodesic_map
882,0.4246076229750209,0.4097624390106915,0.6233282814343173,255,237,160,100,geodesic_map
883,0.5886570804423137,0.513640078174841,0.6377643066431276,255,237,160,100,geodesic_map
884,0.5882204437552679,0.5225139484629469,0.6368874142783795,255,237,160,100,geodesic_map
885,0.7770150535571585,0.5203725429418793,0.9143592100774284,255,237,160,100,geodesic_map
886,0.549130494388494,0.31900301574826917,0.777272915708688,255,237,160,100,geodesic_map
887,0.53635911732168,0.42445483920204063,0.6438439804541487,255,237,160,100,geodesic_map
888,0.5292327915527727,0.4236139992743882,0.6452506898962029,255,237,160,100,geodesic_map
889,0.32827742172488295,0.2649424513993439,0.9121513773182639,255,237,160,100,geodesic_map
890,0.44210551611087046,0.4219576856867443,0.6388560485153176,255,237,160,100,geodesic_map
891,0.4340496942579158,0.42320574146222517,0.6362715560680472,255,237,160,100,geodesic_map
892,0.5079987505930561,0.4338681169758124,0.6532327559080212,255,237,160,100,geodesic_map
893,0.5360286472870713,0.4650986408414896,0.6580980288156235,255,237,160,100,geodesic_map
894,0.5086427723839793,0.4369585629600171,0.6544162710150451,255,237,160,100,geodesic_map
895,0.663414631648085,0.5916932458617425,0.7740424740001747,255,237,160,100,geodesic_map
896,0.6657675953659171,0.6073410413606023,0.7670093937028759,255,237,160,100,geodesic_map
897,0.6626123753768842,0.6006709521951619,0.7714521203049554,255,237,160,100,geodesic_map
898,0.4923943874751528,0.42127047733053835,0.9941017864517492,255,237,160,100,geodesic_map
899,0.6016949298066433,0.6140634487692236,0.9755641095998926,255,237,160,100,geodesic_map
900,0.56444218395426,0.6444673787875808,0.9743118192054956,255,237,160,100,geodesic_map
901,0.6271309674877236,0.6328723136844352,0.7771440278597235,255,237,160,100,geodesic_map
902,0.5613867890876196,0.5680570335263253,0.6374744629648952,255,237,160,100,geodesic_map
903,0.6157534893528472,0.6563916742719946,0.770251577775924,255,237,160,100,geodesic_map
904,0.5692367346488729,0.38180129068425617,0.9809235751184542,255,237,160,100,geodesic_map
905,0.4901972931086116,0.3928159715368525,0.8164774323029091,255,237,160,100,geodesic_map
906,0.5042399191212404,0.45746331840431115,0.6612622384223141,255,237,160,100,geodesic_map
907,0.49852656833971193,0.4100885131504801,0.8216015140775701,255,237,160,100,geodesic_map
908,0.40663859382280143,0.4230164934254276,0.9866011871888181,255,237,160,100,geodesic_map
909,0.39202813538551073,0.45457233777707856,0.8143801188376962,255,237,160,100,geodesic_map
910,0.38210679907821565,0.4199666537017978,0.9811406002416603,255,237,160,100,geodesic_map
911,0.36931612126596103,0.429795182082357,0.979503911325001,255,237,160,100,geodesic_map
912,0.381869360745453,0.45841763760545184,0.985699737188596,255,237,160,100,geodesic_map
913,0.5634035362299595,0.3834788406178173,0.9821624839857543,255,237,160,100,geodesic_map
914,0.5263197051643432,0.44667366897048016,0.9963651123143757,255,237,160,100,geodesic_map
915,0.5566032092901939,0.5033420443322036,0.996262649752774,255,237,160,100,geodesic_map
916,0.5004413162642442,0.49986298303354804,0.6665879272577803,255,237,160,100,geodesic_map
917,0.5023124812327364,0.5052559273304534,0.8332178518472622,255,237,160,100,geodesic_map
918,0.49910266596718034,0.4977743475844009,1.0,255,237,160,100,geodesic_map
919,0.5430260348879954,0.3727920345812384,0.981984321916745,255,237,160,100,geodesic_map
920,0.6073893903099372,0.4624581502106306,0.9861289891591452,255,237,160,100,geodesic_map
921,0.5229892916210684,0.46397232038942515,0.6606332867801231,255,237,160,100,geodesic_map
922,0.4999640417547426,0.5012395863378324,0.6665931427750229,255,237,160,100,geodesic_map
923,0.5020165036235693,0.5014268953915455,0.8332685764778166,255,237,160,100,geodesic_map
924,0.5056043422399344,0.4988131355242697,0.8331804988094862,255,237,160,100,geodesic_map
925,0.5684303737056124,0.4958103623349286,0.9946862820183957,255,237,160,100,geodesic_map
926,0.51561875041712,0.48541745370380485,0.6648470472080904,255,237,160,100,geodesic_map
927,0.5535174825288588,0.47343809596819286,0.9959927243832495,255,237,160,100,geodesic_map
928,0.5295921223274418,0.4787905428322606,0.6618522674043972,255,237,160,100,geodesic_map
929,0.5276667499551072,0.47145391009357124,0.6611852375191754,255,237,160,100,geodesic_map
930,0.6014958494459913,0.40546314748169565,0.9799984615714282,255,237,160,100,geodesic_map
931,0.19242091057623206,0.4054029285186569,0.8898389177068569,255,237,160,100,geodesic_map
932,0.22088805400947076,0.38140292141711357,0.9038951539172155,255,237,160,100,geodesic_map
933,0.3159654039058563,0.48748364748254536,0.7822326838544087,255,237,160,100,geodesic_map
934,0.16074130769037498,0.37768429992014707,0.8556312640038501,255,237,160,100,geodesic_map
935,0.38334076140898493,0.45361192991298727,0.6165662093472659,255,237,160,100,geodesic_map
936,0.15383846939023282,0.37219980683802145,0.8472696871545,255,237,160,100,geodesic_map
937,0.24238651869642724,0.46710960418789543,0.9319957349586196,255,237,160,100,geodesic_map
938,0.40548544457680485,0.4926814031075544,0.6411261297145631,255,237,160,100,geodesic_map
939,0.2506924619422338,0.40247553730762403,0.9273309167308696,255,237,160,100,geodesic_map
940,0.4551368582519715,0.557198647323924,0.8261080388734257,255,237,160,100,geodesic_map
941,0.46634799800356785,0.5154095814609335,0.6635102952373177,255,237,160,100,geodesic_map
942,0.4537085528793127,0.5122459501274191,0.6611260289805729,255,237,160,100,geodesic_map
943,0.4327522764586558,0.5286962819839551,0.6522232701934869,255,237,160,100,geodesic_map
944,0.4413143411989796,0.5055161168261337,0.6579117404740341,255,237,160,100,geodesic_map
945,0.4059985009687428,0.5325185435256625,0.8198859566058833,255,237,160,100,geodesic_map
946,0.4593258631214029,0.5263333344865754,0.8304258712226008,255,237,160,100,geodesic_map
947,0.4273761125619474,0.5279440589732795,0.9947421029543699,255,237,160,100,geodesic_map
948,0.41877452748672184,0.5249242642406581,0.993678554678246,255,237,160,100,geodesic_map
949,0.3066840550115028,0.508666568069527,0.7763547263816966,255,237,160,100,geodesic_map
950,0.20662446170050253,0.5176276902254601,0.9103321154951557,255,237,160,100,geodesic_map
951,0.40549406062237614,0.5050610863224761,0.6411707149362489,255,237,160,100,geodesic_map
952,0.18491814244564708,0.5342385775317366,0.8934610199244979,255,237,160,100,geodesic_map
953,0.39051175153300843,0.5067273352423739,0.630639651797366,255,237,160,100,geodesic_map
954,0.18378245123604403,0.5121328530550475,0.8938758472645014,255,237,160,100,geodesic_map
955,0.4072448953093224,0.5341110772624444,0.6381948202721334,255,237,160,100,geodesic_map
956,0.4108479488278392,0.5378979423652501,0.6394108504037957,255,237,160,100,geodesic_map
957,0.2825840767886082,0.6375459081392912,0.9329960711657626,255,237,160,100,geodesic_map
958,0.45708259582292904,0.5344132848550828,0.6587339841523976,255,237,160,100,geodesic_map
959,0.45783119762852686,0.5425959673430978,0.6569493831667363,255,237,160,100,geodesic_map
960,0.46481355108349987,0.5417507547058954,0.6586244086187087,255,237,160,100,geodesic_map
961,0.4016676552022448,0.5552476323333146,0.9883647174848189,255,237,160,100,geodesic_map
962,0.3865077908031366,0.583489278976057,0.9813462108328439,255,237,160,100,geodesic_map
963,0.43195051726700723,0.5621788321971268,0.8216154221235505,255,237,160,100,geodesic_map
964,0.49793668334474006,0.56262149506465,0.6546292628049168,255,237,160,100,geodesic_map
965,0.4871525529727135,0.6661345820152991,0.9723662226532922,255,237,160,100,geodesic_map
966,0.4887275550255516,0.5609268918167479,0.6551974859577663,255,237,160,100,geodesic_map
967,0.42711205034710914,0.5883941844551223,0.814606243796701,255,237,160,100,geodesic_map
968,0.45639496408806096,0.550986056372577,0.654139282345026,255,237,160,100,geodesic_map
969,0.4079545843216932,0.5615251209710477,0.8162208884604814,255,237,160,100,geodesic_map
970,0.49436795251814025,0.5001603026248083,0.8333481305008247,255,237,160,100,geodesic_map
971,0.4799035077081373,0.5295502880920108,0.9989183911327386,255,237,160,100,geodesic_map
972,0.4947633927958597,0.5001609219233919,0.6666772963875232,255,237,160,100,geodesic_map
973,0.4954987245152084,0.5307643839231094,0.8319170124380748,255,237,160,100,geodesic_map
974,0.5228669717660622,0.6355833936054062,0.9809896482711797,255,237,160,100,geodesic_map
975,0.5195329612999167,0.5965735235527236,0.9902108615739436,255,237,160,100,geodesic_map
976,0.5114505212135176,0.5562290388135963,0.6561785396525891,255,237,160,100,geodesic_map
977,0.5001715702710919,0.5516697114280786,0.6584714300472425,255,237,160,100,geodesic_map
978,0.4636581505441274,0.6441969890427435,0.9783592096005811,255,237,160,100,geodesic_map
979,0.5156997768946298,0.5590193130820788,0.6546692683057478,255,237,160,100,geodesic_map
980,0.5235465956246595,0.6392360451031763,0.8023947410022318,255,237,160,100,geodesic_map
981,0.5039021221842427,0.568998544406173,0.6517303690439402,255,237,160,100,geodesic_map
982,0.5733096162118068,0.663374008788433,0.9669585359524528,255,237,160,100,geodesic_map
983,0.5101457589383489,0.5698617764508614,0.6508544601767293,255,237,160,100,geodesic_map
984,0.5047321207665115,0.6614205886811192,0.7927296027404096,255,237,160,100,geodesic_map
985,0.44581651622830176,0.6959937037838236,0.7673338485469623,255,237,160,100,geodesic_map
986,0.4399230908474841,0.6471597893378764,0.7951117728559389,255,237,160,100,geodesic_map
987,0.47905598864071797,0.6867307015458866,0.7775060741652313,255,237,160,100,geodesic_map
988,0.449367265931716,0.5714246066169875,0.6440206225724189,255,237,160,100,geodesic_map
989,0.3616119078810969,0.7166781323208111,0.9325274494907703,255,237,160,100,geodesic_map
990,0.3646629369833875,0.7232325381547107,0.9302066039236963,255,237,160,100,geodesic_map
991,0.5749629479914401,0.7944071036798619,0.8997213691871235,255,237,160,100,geodesic_map
992,0.4871455204267762,0.7566827950606277,0.9313832544165969,255,237,160,100,geodesic_map
993,0.5229836731158269,0.6919216869317601,0.7730935677602037,255,237,160,100,geodesic_map
994,0.5207562094324089,0.7622058433521745,0.709345681373402,255,237,160,100,geodesic_map
995,0.49699021077011524,0.76232729795219,0.7107478110946013,255,237,160,100,geodesic_map
996,0.5006487057615014,0.6291662488693169,0.6072047234664708,255,237,160,100,geodesic_map
997,0.5023237163603421,0.5980519394335064,0.6353864579561708,255,237,160,100,geodesic_map
998,0.4654384108342616,0.7958445895829949,0.9054425829816362,255,237,160,100,geodesic_map
999,0.5024215129964813,0.6943760693285437,0.7727262165285861,255,237,160,100,geodesic_map
1000,0.5597078049904899,0.7425926350804587,0.7234768322800025,255,237,160,100,geodesic_map
1001,0.5970764281200975,0.8461535309965977,0.851851712771392,255,237,160,100,geodesic_map
1002,0.5356554761105274,0.6124172184626531,0.6175694563097461,255,237,160,100,geodesic_map
1003,0.5049438826181885,0.8744657150841393,0.8379474418320068,255,237,160,100,geodesic_map
1004,0.5300355536902854,0.874708806375025,0.8360393075950836,255,237,160,100,geodesic_map
1005,0.4905941392678928,0.633869159951763,0.6015293168148266,255,237,160,100,geodesic_map
1006,0.5689980008966713,0.9218947985868778,0.7691564979726986,255,237,160,100,geodesic_map
1007,0.5770935363932426,0.9231931670770994,0.7648524445233627,255,237,160,100,geodesic_map
1008,0.5819967742850927,0.9199333159011689,0.7683079184158395,255,237,160,100,geodesic_map
1009,0.4898945694646381,0.6239966591588584,0.61300350442028,255,237,160,100,geodesic_map
1010,0.4823259750094912,0.8702998101642143,0.8422725659710031,255,237,160,100,geodesic_map
1011,0.49671024907039596,0.6403064156111264,0.5928036670589828,255,237,160,100,geodesic_map
1012,0.4051515577479007,0.7252696441839493,0.7324038308043688,255,237,160,100,geodesic_map
1013,0.37721810703952413,0.7346720470872383,0.7101395526379655,255,237,160,100,geodesic_map
1014,0.4398987942014937,0.6252076543873497,0.5976834440716791,255,237,160,100,geodesic_map
1015,0.42321569980877805,0.6082962899838134,0.6063205889834944,255,237,160,100,geodesic_map
1016,0.4425989453920053,0.6145912112918342,0.6108805902161446,255,237,160,100,geodesic_map
1017,0.40611495817211135,0.727526114054104,0.7306330385215024,255,237,160,100,geodesic_map
1018,0.3760800936148414,0.9280714721171558,0.7427652058479717,255,237,160,100,geodesic_map
1019,0.4196335889045256,0.7772506348698807,0.6763276027117392,255,237,160,100,geodesic_map
1020,0.43054122644247117,0.7916144672883492,0.6571079547595504,255,237,160,100,geodesic_map
1021,0.44257611990064916,0.6350096354387326,0.5857359060556,255,237,160,100,geodesic_map
1022,0.3987137047322957,0.7513271489614064,0.7020637662648761,255,237,160,100,geodesic_map
1023,0.4347330229910038,0.6289411036437675,0.5896658430023808,255,237,160,100,geodesic_map
1024,0.3434538027218389,0.9290330939202778,0.7225075259168738,255,237,160,100,geodesic_map
1025,0.30850233184536835,0.9071249541434532,0.735899498949729,255,237,160,100,geodesic_map
1026,0.35793586902550295,0.9342823180311463,0.721855571360063,255,237,160,100,geodesic_map
1027,0.4325960428491009,0.6246785894093208,0.5939785194402246,255,237,160,100,geodesic_map
1028,0.4252461342123226,0.6155841931865811,0.6000096144334999,255,237,160,100,geodesic_map
1029,0.35035824774376595,0.7197919668636727,0.7093008577280708,255,237,160,100,geodesic_map
1030,0.3211885150000433,0.6790224719537596,0.7246218618369348,255,237,160,100,geodesic_map
1031,0.4067571046174513,0.5800755711441513,0.6178687574592452,255,237,160,100,geodesic_map
1032,0.3395807898174328,0.6658872267635682,0.746502258065641,255,237,160,100,geodesic_map
1033,0.16875049444352425,0.7104536599412017,0.8208380716307483,255,237,160,100,geodesic_map
1034,0.27589936603377696,0.6438348710299034,0.7098822935246015,255,237,160,100,geodesic_map
1035,0.1655510193113297,0.7205457724209077,0.8109288868992436,255,237,160,100,geodesic_map
1036,0.2710553609447267,0.6275113667181134,0.7150438475488614,255,237,160,100,geodesic_map
1037,0.37727257490803073,0.5585163275608914,0.6042354351241959,255,237,160,100,geodesic_map
1038,0.26684629213700684,0.6140461223186009,0.7180287327712714,255,237,160,100,geodesic_map
1039,0.362274560113216,0.550788912674001,0.589534133806946,255,237,160,100,geodesic_map
1040,0.11056820651468241,0.6691033457859199,0.7786947849208607,255,237,160,100,geodesic_map
1041,0.36688993873429243,0.5539010021795061,0.5942094228064555,255,237,160,100,geodesic_map
1042,0.30878932248217705,0.6994626559577821,0.6964727516493775,255,237,160,100,geodesic_map
1043,0.19908680762316383,0.7882087916863628,0.7896712134949929,255,237,160,100,geodesic_map
1044,0.3971919082357807,0.5961452762111894,0.5969617754343912,255,237,160,100,geodesic_map
1045,0.186967345368041,0.7570352015612227,0.8052550300012944,255,237,160,100,geodesic_map
1046,0.18313010210737024,0.7392247888535147,0.8152780322205119,255,237,160,100,geodesic_map
1047,0.29552756137411107,0.681245598965206,0.7007746890888608,255,237,160,100,geodesic_map
1048,0.4255843642110515,0.6486607642523119,0.5396923015697107,255,237,160,100,geodesic_map
1049,0.35645281460802525,0.7931207026052507,0.5955365881598201,255,237,160,100,geodesic_map
1050,0.3687423684480974,0.7966538316892957,0.6014668498197373,255,237,160,100,geodesic_map
1051,0.40556135213912814,0.6363889028491877,0.5430843150352425,255,237,160,100,geodesic_map
1052,0.4048385984702442,0.6345728197108738,0.5469716635583675,255,237,160,100,geodesic_map
1053,0.23046701798843533,0.9072302330058855,0.6453816043461531,255,237,160,100,geodesic_map
1054,0.24335803808665707,0.9314676182977515,0.5894949379530776,255,237,160,100,geodesic_map
1055,0.3429806834082658,0.7971636658498475,0.5546970714830946,255,237,160,100,geodesic_map
1056,0.41787001592642886,0.6446137848927553,0.5402564442012125,255,237,160,100,geodesic_map
1057,0.3331579445874996,0.9767130986206496,0.5681379760020044,255,237,160,100,geodesic_map
1058,0.34785818362552473,0.9815996280976386,0.567546111654568,255,237,160,100,geodesic_map
1059,0.35242645015126584,0.9828377245149889,0.5685831278494047,255,237,160,100,geodesic_map
1060,0.4515614152431262,0.6628309531630759,0.5127884420700628,255,237,160,100,geodesic_map
1061,0.39328323614976196,0.822728473239402,0.5124743387859132,255,237,160,100,geodesic_map
1062,0.32893555505198213,0.978188155936781,0.5439092049677117,255,237,160,100,geodesic_map
1063,0.27670492110564227,0.9558631798453101,0.45071436045584096,255,237,160,100,geodesic_map
1064,0.27297769811918954,0.9566854414477146,0.49000961432173884,255,237,160,100,geodesic_map
1065,0.4209203822559832,0.6516313135249236,0.4924765244850106,255,237,160,100,geodesic_map
1066,0.2300574646054756,0.6596958544548608,0.6329663784810262,255,237,160,100,geodesic_map
1067,0.36049579859324676,0.571545545292915,0.5712447851160701,255,237,160,100,geodesic_map
1068,0.3646743698130879,0.5825284917560186,0.5671702889328005,255,237,160,100,geodesic_map
1069,0.243035277806113,0.7128791910536902,0.5711636614707299,255,237,160,100,geodesic_map
1070,0.26711063803866025,0.7394881478681329,0.5687227795325261,255,237,160,100,geodesic_map
1071,0.11234256963376565,0.8159083917905674,0.6007252355543659,255,237,160,100,geodesic_map
1072,0.1384067401336186,0.8577978769663082,0.5415473132799378,255,237,160,100,geodesic_map
1073,0.1697038327725573,0.8810513950223158,0.5775066915831297,255,237,160,100,geodesic_map
1074,0.1306865524195091,0.8410412392083855,0.5871570748983146,255,237,160,100,geodesic_map
1075,0.3614071613156505,0.5977029825429903,0.5317978239610339,255,237,160,100,geodesic_map
1076,0.3585438324648701,0.5854517884518627,0.5493450467691326,255,237,160,100,geodesic_map
1077,0.0902670257127503,0.7839823112088089,0.6079354348172255,255,237,160,100,geodesic_map
1078,0.3722876502764375,0.6156481981219716,0.5047122207600893,255,237,160,100,geodesic_map
1079,0.2571291400425335,0.7396080041150914,0.5108922414333068,255,237,160,100,geodesic_map
1080,0.24957839118264824,0.7317828721943138,0.5107806653762186,255,237,160,100,geodesic_map
1081,0.36021234274436476,0.5967032127058305,0.5297693702249021,255,237,160,100,geodesic_map
1082,0.21480951419501543,0.6812211987906901,0.549421933427608,255,237,160,100,geodesic_map
1083,0.3585587548934469,0.5922553704460393,0.5355523928658996,255,237,160,100,geodesic_map
1084,0.08645804067147073,0.7976256202317993,0.5307891578277806,255,237,160,100,geodesic_map
1085,0.08287388621794822,0.7942465905915355,0.5016161071817404,255,237,160,100,geodesic_map
1086,0.09477104847212509,0.8095952715132454,0.5223882857813764,255,237,160,100,geodesic_map
1087,0.02302481523553046,0.6711061782698601,0.560440598998877,255,237,160,100,geodesic_map
1088,0.03106967121230353,0.6857436426619935,0.5772281233564601,255,237,160,100,geodesic_map
1089,0.33794644245988864,0.5573067890592369,0.5208150001693305,255,237,160,100,geodesic_map
1090,0.1842399250962371,0.6057281716160174,0.5758796364718916,255,237,160,100,geodesic_map
1091,0.03202623302691743,0.6531291220817209,0.6324119093922197,255,237,160,100,geodesic_map
1092,0.04670059380219521,0.6847216273920972,0.642418922325719,255,237,160,100,geodesic_map
