0,0.2375442275,0.498086725,0.7218819699449374,187,0,38,100,topographic_map
1,0.7611404396,0.4243973186,0.826163027912554,226,25,28,100,topographic_map
2,0.8944742126,0.5192777046,0.6231821883811378,226,25,28,100,topographic_map
3,0.7229645784,0.6629060449,0.6071179175137,226,25,28,100,topographic_map
4,0.2655799848,0.4971714505,0.3405774328561618,252,77,42,100,topographic_map
5,0.2506807409,0.5025543775,0.38014554722562466,252,77,42,100,topographic_map
6,0.2555635361,0.4851854371,0.8150524219412222,252,77,42,100,topographic_map
7,0.2207181958,0.4909621269,0.8255470273433768,252,77,42,100,topographic_map
8,0.2356090194,0.4856029615,0.0792967087010986,252,77,42,100,topographic_map
9,0.2268862408,0.4734803153,0.08964575780606317,252,77,42,100,topographic_map
10,0.2386368611,0.5207058514,0.9038600758575901,252,77,42,100,topographic_map
11,0.2178010417,0.5220336082,0.3523135350892488,252,77,42,100,topographic_map
12,0.227486677,0.5090711497,0.8930566613921067,252,77,42,100,topographic_map
13,0.6411058006,0.5892274617,0.48314129873649614,253,140,60,100,topographic_map
14,0.8445364875,0.2402735972,0.18260930127273273,253,140,60,100,topographic_map
15,0.9431437783,0.341387339,0.6104932359042221,253,140,60,100,topographic_map
16,0.6351586622,0.142141437,0.32543081235277055,253,140,60,100,topographic_map
17,0.6261108045,0.211299653,0.9298947184917167,253,140,60,100,topographic_map
18,0.724980441,0.1161084813,0.5296121508746667,253,140,60,100,topographic_map
19,0.7666772157,0.5636561696,0.8823597201716554,253,140,60,100,topographic_map
20,0.7255860119,0.4070744221,0.014427962167105369,253,140,60,100,topographic_map
21,0.591949622,0.424284407,0.40124483143158807,253,140,60,100,topographic_map
22,0.9791129345,0.59650675,0.39807017548382834,253,140,60,100,topographic_map
23,0.9487676553,0.5265486432,0.14236076759882393,253,140,60,100,topographic_map
24,0.8975036035,0.4054412759,0.9576926129392236,253,140,60,100,topographic_map
25,0.7926619052,0.7774549923,0.9371313951109759,253,140,60,100,topographic_map
26,0.8623481132,0.5979767756,0.22494092110772368,253,140,60,100,topographic_map
27,0.8391779858,0.5359700024,0.27154597921561685,253,140,60,100,topographic_map
28,0.8773347827,0.4757641281,0.0537133091364972,253,140,60,100,topographic_map
29,0.8167402701,0.4204786389,0.12743228571243306,253,140,60,100,topographic_map
30,0.9779980135,0.4517725689,0.09561834391969722,253,140,60,100,topographic_map
31,0.6575409342,0.6710958933,0.03468652302662925,253,140,60,100,topographic_map
32,0.6824369191,0.7290202555,0.38602027830492475,253,140,60,100,topographic_map
33,0.7783918563,0.6373363256,0.5628336442188355,253,140,60,100,topographic_map
34,0.0809178462,0.4741915288,0.128109919773629,253,140,60,100,topographic_map
35,0.5912389324,0.6427043886,0.6722895413057338,253,140,60,100,topographic_map
36,0.7033267331,0.6137441652,0.7614314016160305,253,140,60,100,topographic_map
37,0.9101146133,0.6660594481,0.2551973780395173,253,140,60,100,topographic_map
38,0.7560788453,0.7055651908,0.8088213786828978,253,140,60,100,topographic_map
39,0.8428195312,0.7043562271,0.8934752830119939,253,140,60,100,topographic_map
40,0.7166292903,0.3338169203,0.5688873949532097,254,178,76,100,topographic_map
41,0.6102595228,0.3423874241,0.5419407431770932,254,178,76,100,topographic_map
42,0.6561009966,0.2835420439,0.584380636490376,254,178,76,100,topographic_map
43,0.8892291719,0.2945542353,0.616028717771986,254,178,76,100,topographic_map
44,0.8102823887,0.343039895,0.3174957386390292,254,178,76,100,topographic_map
45,0.8364051002,0.1431826509,0.07100987738346819,254,178,76,100,topographic_map
46,0.573982773,0.571200028,0.6041181371477202,254,178,76,100,topographic_map
47,0.3665952295,0.475710924,0.19228883914721656,254,178,76,100,topographic_map
48,0.4644366024,0.4227426264,0.9101121436023798,254,178,76,100,topographic_map
49,0.309808631,0.5208728176,0.696430178979411,254,178,76,100,topographic_map
50,0.1629586088,0.4693512064,0.7435695275653991,254,178,76,100,topographic_map
51,0.1350086781,0.5612320957,0.7738882648445046,254,178,76,100,topographic_map
52,0.6406554297,0.5308745386,0.18769734915487357,254,178,76,100,topographic_map
53,0.7801143845,0.4805816802,0.6216973021646797,254,178,76,100,topographic_map
54,0.6951531071,0.4652137759,0.9994847764073893,254,178,76,100,topographic_map
55,0.6237549837,0.4753061792,0.7959964770953935,254,178,76,100,topographic_map
56,0.7117591005,0.5289150886,0.9321264361740031,254,178,76,100,topographic_map
57,0.6516950012,0.3937713483,0.06918873195565965,254,178,76,100,topographic_map
58,0.3890279105,0.411723396,0.4148176664433231,254,178,76,100,topographic_map
59,0.2181456722,0.403708303,0.37884187932782243,254,178,76,100,topographic_map
60,0.294475432,0.431141727,0.04586729674072116,254,178,76,100,topographic_map
61,0.4459474839,0.4803586682,0.6894603144058007,254,178,76,100,topographic_map
62,0.3224952232,0.5934456828,0.7236916456233704,254,178,76,100,topographic_map
63,0.2359000052,0.5825163401,0.36603453784339945,254,178,76,100,topographic_map
64,0.5301890095,0.4066371212,0.9807331618819921,254,178,76,100,topographic_map
65,0.5042041624,0.2694757963,0.5946087107208125,254,178,76,100,topographic_map
66,0.5171213214,0.3469387578,0.05109947443526968,254,178,76,100,topographic_map
67,0.484735837,0.17425754,0.6775705032986554,254,178,76,100,topographic_map
68,0.2821718736,0.1659548248,0.3793107233444535,254,178,76,100,topographic_map
69,0.546502087,0.1127006534,0.5037989397037753,254,178,76,100,topographic_map
70,0.7258443911,0.2029450221,0.283085024015071,254,178,76,100,topographic_map
71,0.5689284731,0.2485465954,0.9148625433477061,254,178,76,100,topographic_map
72,0.7603367305,0.2696142083,0.23280280444403698,254,178,76,100,topographic_map
73,0.4624874958,0.5839488513,0.809215942445043,254,178,76,100,topographic_map
74,0.397771165,0.5377015726,0.37001167828350723,254,178,76,100,topographic_map
75,0.3988673341,0.6108542,0.6229137896040247,254,178,76,100,topographic_map
76,0.4008273782,0.2148671322,0.04333582603219361,254,178,76,100,topographic_map
77,0.3285303182,0.0846732835,0.18354386889205354,254,178,76,100,topographic_map
78,0.3632396727,0.2996195498,0.9299858890628518,254,178,76,100,topographic_map
79,0.481039129,0.5268501605,0.16042675133590742,254,178,76,100,topographic_map
80,0.5385903539,0.529876877,0.5742583854640294,254,178,76,100,topographic_map
81,0.5691443185,0.4924094311,0.8110861992455984,254,178,76,100,topographic_map
82,0.5225169709,0.4709770349,0.029202397486716918,254,178,76,100,topographic_map
83,0.2935756896,0.2433907687,0.10440915728986062,254,178,76,100,topographic_map
84,0.1614922611,0.1924552446,0.6571475716035162,254,178,76,100,topographic_map
85,0.4361749601,0.0789710371,0.17246623922078871,254,178,76,100,topographic_map
86,0.4326762591,0.2741858219,0.8846571903026165,254,178,76,100,topographic_map
87,0.5716683803,0.020831951,0.45701523072221684,254,178,76,100,topographic_map
88,0.0401461995,0.3302292727,0.5863253327556045,254,178,76,100,topographic_map
89,0.1887667978,0.2884975479,0.06603215723034246,254,178,76,100,topographic_map
90,0.2629287056,0.3276827832,0.02220764305231,254,178,76,100,topographic_map
91,0.1304160693,0.3711494108,0.9344881597247681,254,178,76,100,topographic_map
92,0.438700735,0.3506333266,0.596303854908487,254,178,76,100,topographic_map
93,0.3371518789,0.364156211,0.14171262665288015,254,178,76,100,topographic_map
94,0.4607546984,0.6646844747,0.5009887177373548,254,178,76,100,topographic_map
95,0.5217675594,0.6105631532,0.3177313711688072,254,178,76,100,topographic_map
96,0.5387851065,0.6898244005,0.8362119101710924,254,178,76,100,topographic_map
97,0.435824133,0.7305728845,0.5747694408667045,254,178,76,100,topographic_map
98,0.3490179591,0.7568834898,0.4700805934634536,254,178,76,100,topographic_map
99,0.3621909269,0.6777098097,0.20423734667875204,254,178,76,100,topographic_map
100,0.6858966546,0.8252147138,0.7689075061533123,254,178,76,100,topographic_map
101,0.606628359,0.7566442582,0.7088995276141898,254,178,76,100,topographic_map
102,0.7904454057,0.8736038487,0.7919940766186515,254,178,76,100,topographic_map
103,0.1758304964,0.8464777189,0.2578644107540317,254,178,76,100,topographic_map
104,0.2804028217,0.9128327115,0.8414743928854796,254,178,76,100,topographic_map
105,0.0977877781,0.7567676332,0.20281149519304006,254,178,76,100,topographic_map
106,0.278147819,0.6729623365,0.47509736737747543,254,178,76,100,topographic_map
107,0.0143276164,0.5661399453,0.2885142704323765,254,178,76,100,topographic_map
108,0.0768587363,0.6554895438,0.27028681988135567,254,178,76,100,topographic_map
109,0.1823282304,0.6466331915,0.7836281243525982,254,178,76,100,topographic_map
110,0.2748116763,0.800265562,0.24032490984912783,254,178,76,100,topographic_map
111,0.2092265544,0.7344955856,0.26574854028379247,254,178,76,100,topographic_map
112,0.5223932033,0.7604646228,0.8818421670357723,254,178,76,100,topographic_map
113,0.4505798266,0.8110737719,0.5100889176015755,254,178,76,100,topographic_map
114,0.5704839486,0.8341173708,0.6094075431583473,254,178,76,100,topographic_map
115,0.4905997474,0.8918403507,0.19353583959350515,254,178,76,100,topographic_map
116,0.4022098357,0.9586964958,0.9024205896356091,254,178,76,100,topographic_map
117,0.3721609143,0.8537867409,0.8105943468031855,254,178,76,100,topographic_map
118,0.7175874996,0.9566523077,0.2614635798363598,254,178,76,100,topographic_map
119,0.5434807744,0.985532237,0.34714337586724703,254,178,76,100,topographic_map
120,0.6211703232,0.9106343605,0.8792150333695166,254,178,76,100,topographic_map
121,0.6587342421,0.5841446561,0.519057849675241,254,217,118,100,topographic_map
122,0.6537174039,0.5766920684,0.14239764387233214,254,217,118,100,topographic_map
123,0.6587342421,0.5841446561,0.9860975595261627,254,217,118,100,topographic_map
124,0.6239098588,0.5826177731,0.25384021823175634,254,217,118,100,topographic_map
125,0.6239098588,0.5826177731,0.01558806036711631,254,217,118,100,topographic_map
126,0.6271673897,0.5743213715,0.5092257057285358,254,217,118,100,topographic_map
127,0.6430527646,0.6065801367,0.5021646539664315,254,217,118,100,topographic_map
128,0.6430527646,0.6065801367,0.7402947775451556,254,217,118,100,topographic_map
129,0.6332875866,0.605436419,0.9254376776446418,254,217,118,100,topographic_map
130,0.859874159,0.2452090444,0.9134192465550215,254,217,118,100,topographic_map
131,0.869661462,0.245544968,0.14522007712781507,254,217,118,100,topographic_map
132,0.8652893787,0.2376741992,0.058457645917623716,254,217,118,100,topographic_map
133,0.8329190171,0.2592033195,0.4571224562270136,254,217,118,100,topographic_map
134,0.8238744201,0.2547424311,0.9361991426459748,254,217,118,100,topographic_map
135,0.8322536425,0.2505269318,0.548938424862781,254,217,118,100,topographic_map
136,0.8430014786,0.2221882687,0.5743476429739751,254,217,118,100,topographic_map
137,0.8354227795,0.2279535635,0.7766119762288949,254,217,118,100,topographic_map
138,0.8334411225,0.2195996911,0.8761928295258458,254,217,118,100,topographic_map
139,0.9657383804,0.3546211621,0.203070585702967,254,217,118,100,topographic_map
140,0.9566619513,0.3511893174,0.04033964949825173,254,217,118,100,topographic_map
141,0.9645960499,0.3456953695,0.7297277950793358,254,217,118,100,topographic_map
142,0.9196514576,0.3487053409,0.48910427296014836,254,217,118,100,topographic_map
143,0.9285574829,0.3527450698,0.4327463606103969,254,217,118,100,topographic_map
144,0.9285574829,0.3527450698,0.261102963227146,254,217,118,100,topographic_map
145,0.9459934455,0.323643824,0.0493302840103733,254,217,118,100,topographic_map
146,0.9459934455,0.323643824,0.4898991545944892,254,217,118,100,topographic_map
147,0.9360948803,0.3251023265,0.9305119904035641,254,217,118,100,topographic_map
148,0.6322538386,0.1231931081,0.2137825992339652,254,217,118,100,topographic_map
149,0.6322538386,0.1231931081,0.03730103357506696,254,217,118,100,topographic_map
150,0.6422911194,0.1234682812,0.8542267595713986,254,217,118,100,topographic_map
151,0.6556624065,0.1481353438,0.7201468667713882,254,217,118,100,topographic_map
152,0.6468603851,0.1518734509,0.5173997542585149,254,217,118,100,topographic_map
153,0.6546065397,0.1570652415,0.2031004477217342,254,217,118,100,topographic_map
154,0.6184811155,0.157864145,0.3561487273566303,254,217,118,100,topographic_map
155,0.6168458006,0.148329665,0.6718443412026153,254,217,118,100,topographic_map
156,0.6168458006,0.148329665,0.7697709131184,254,217,118,100,topographic_map
157,0.6226960686,0.2272474256,0.2557815517325476,254,217,118,100,topographic_map
158,0.6325114433,0.2286641635,0.8514704737965995,254,217,118,100,topographic_map
159,0.6325114433,0.2286641635,0.30240143952375176,254,217,118,100,topographic_map
160,0.637151794,0.2006816147,0.9612488278817284,254,217,118,100,topographic_map
161,0.6437983877,0.2076597775,0.7155556516833645,254,217,118,100,topographic_map
162,0.6467198519,0.1995702355,0.792450600752895,254,217,118,100,topographic_map
163,0.6077094678,0.2022467819,0.7939415614443756,254,217,118,100,topographic_map
164,0.6077094678,0.2022467819,0.027853297587222207,254,217,118,100,topographic_map
165,0.6019814589,0.2095189922,0.9279255711609833,254,217,118,100,topographic_map
166,0.7210738826,0.1340014072,0.7831176561666165,254,217,118,100,topographic_map
167,0.7210738826,0.1340014072,0.5981666391220586,254,217,118,100,topographic_map
168,0.7252336357,0.1421612484,0.6841925547049349,254,217,118,100,topographic_map
169,0.7439887665,0.1093764885,0.7523867866422511,254,217,118,100,topographic_map
170,0.7439887665,0.1093764885,0.91679174940309,254,217,118,100,topographic_map
171,0.7439887665,0.1093764885,0.8158658894933185,254,217,118,100,topographic_map
172,0.7102522382,0.1037606269,0.875981329422374,254,217,118,100,topographic_map
173,0.7102522382,0.1037606269,0.42642108567343856,254,217,118,100,topographic_map
174,0.7102522382,0.1037606269,0.027276651695210447,254,217,118,100,topographic_map
175,0.7839979184,0.56952693,0.33055732214762956,254,217,118,100,topographic_map
176,0.7865781876,0.5779447042,0.1677963672265127,254,217,118,100,topographic_map
177,0.7771047075,0.5760505461,0.9015156641261308,254,217,118,100,topographic_map
178,0.7497264044,0.5665622203,0.6133417954914434,254,217,118,100,topographic_map
179,0.7430221619,0.5728562652,0.26748545290954523,254,217,118,100,topographic_map
180,0.7524767026,0.5751800383,0.4003691355352025,254,217,118,100,topographic_map
181,0.7700242773,0.5415998831,0.5240056897727016,254,217,118,100,topographic_map
182,0.7731253027,0.5496354541,0.33296659986238664,254,217,118,100,topographic_map
183,0.7633466698,0.5479586358,0.02093553626532465,254,217,118,100,topographic_map
184,0.7280744329,0.4232812933,0.7698391668448651,254,217,118,100,topographic_map
185,0.7280744329,0.4232812933,0.27694571962439657,254,217,118,100,topographic_map
186,0.7181734066,0.4240811896,0.86490897413445,254,217,118,100,topographic_map
187,0.7425943783,0.399298159,0.735224674346585,254,217,118,100,topographic_map
188,0.7368935946,0.3920881493,0.6415185056274703,254,217,118,100,topographic_map
189,0.7425943783,0.399298159,0.6314299365501765,254,217,118,100,topographic_map
190,0.702172984,0.3968514069,0.35942577396780034,254,217,118,100,topographic_map
191,0.7075719879,0.4040229539,0.4762875316149232,254,217,118,100,topographic_map
192,0.7117431595,0.3958802246,0.7644130151315314,254,217,118,100,topographic_map
193,0.5765350361,0.4347999973,0.8207891846244549,254,217,118,100,topographic_map
194,0.5765350361,0.4347999973,0.12791913426537072,254,217,118,100,topographic_map
195,0.5765350361,0.4347999973,0.22167445008064535,254,217,118,100,topographic_map
196,0.5840276541,0.4107083409,0.4409364738447803,254,217,118,100,topographic_map
197,0.5875897537,0.4027520015,0.7715602124239842,254,217,118,100,topographic_map
198,0.5938021956,0.4092163843,0.10266134587019882,254,217,118,100,topographic_map
199,0.6045721504,0.4337340359,0.22382810348621776,254,217,118,100,topographic_map
200,0.6142367664,0.4330442625,0.7950858482127164,254,217,118,100,topographic_map
201,0.6090916318,0.4258976749,0.9311714836529597,254,217,118,100,topographic_map
202,0.9638485217,0.6161537932,0.9185653830678888,254,217,118,100,topographic_map
203,0.9691747416,0.6089749954,0.6478951983636705,254,217,118,100,topographic_map
204,0.9740600353,0.616565839,0.5765159436698757,254,217,118,100,topographic_map
205,1.0,0.5958711176,0.4721611440477719,254,217,118,100,topographic_map
206,1.0,0.5958711176,0.30556449356357607,254,217,118,100,topographic_map
207,1.0,0.5958711176,0.8261504660608175,254,217,118,100,topographic_map
208,0.959922037,0.5815246491,0.5512169977537046,254,217,118,100,topographic_map
209,0.966954994,0.5871614097,0.26556575458367515,254,217,118,100,topographic_map
210,0.9698166045,0.5789852431,0.052293952517916784,254,217,118,100,topographic_map
211,0.9733823677,0.5244958016,0.970393806147813,254,217,118,100,topographic_map
212,0.9733823677,0.5244958016,0.14911900907319134,254,217,118,100,topographic_map
213,0.9691064801,0.5325704265,0.09121357866994376,254,217,118,100,topographic_map
214,0.9384798097,0.5410977518,0.2567162433788117,254,217,118,100,topographic_map
215,0.9384798097,0.5410977518,0.7638314443537212,254,217,118,100,topographic_map
216,0.9286093786,0.5394774897,0.6224299008395024,254,217,118,100,topographic_map
217,0.9447045727,0.5107702709,0.029001604750400194,254,217,118,100,topographic_map
218,0.9447045727,0.5107702709,0.4080746743013288,254,217,118,100,topographic_map
219,0.9346766804,0.5132027988,0.3824689811329399,254,217,118,100,topographic_map
220,0.8969459681,0.4270424356,0.1772023417503254,254,217,118,100,topographic_map
221,0.8900436124,0.4204954663,0.9161283106957219,254,217,118,100,topographic_map
222,0.8997867653,0.4191500204,0.27324859020533876,254,217,118,100,topographic_map
223,0.8809479692,0.3983742741,0.22289865956522853,254,217,118,100,topographic_map
224,0.8736576573,0.3926306536,0.6544575957807637,254,217,118,100,topographic_map
225,0.8831559734,0.389772882,0.27218241910952196,254,217,118,100,topographic_map
226,0.9170605444,0.4036778273,0.13826627660252017,254,217,118,100,topographic_map
227,0.9202899224,0.3955101553,0.5851780864947124,254,217,118,100,topographic_map
228,0.9106737978,0.3964674942,0.2755690694417017,254,217,118,100,topographic_map
229,0.7872506082,0.796116413,0.34467001781959133,254,217,118,100,topographic_map
230,0.7972830479,0.7949576248,0.5226107013906586,254,217,118,100,topographic_map
231,0.7972830479,0.7949576248,0.23896208944939917,254,217,118,100,topographic_map
232,0.776074064,0.7737194732,0.6585897267863887,254,217,118,100,topographic_map
233,0.7665788212,0.7719208751,0.96461835087773,254,217,118,100,topographic_map
234,0.7737235902,0.76525231,0.6114367408496698,254,217,118,100,topographic_map
235,0.8106170748,0.7691437992,0.028904726822377016,254,217,118,100,topographic_map
236,0.8106170748,0.7691437992,0.7680580221348452,254,217,118,100,topographic_map
237,0.804103125,0.7622917109,0.6897540861375272,254,217,118,100,topographic_map
238,0.8707673131,0.5827303277,0.5553106877535536,254,217,118,100,topographic_map
239,0.8707673131,0.5827303277,0.9666203068673924,254,217,118,100,topographic_map
240,0.8608035846,0.5816505229,0.2138352289091904,254,217,118,100,topographic_map
241,0.8812075727,0.6143426233,0.18631769621168132,254,217,118,100,topographic_map
242,0.8783771696,0.6058063767,0.9116420744502569,254,217,118,100,topographic_map
243,0.8710329882,0.6126259145,0.8390425748110314,254,217,118,100,topographic_map
244,0.8442617425,0.6058787396,0.5260711917220201,254,217,118,100,topographic_map
245,0.840125851,0.5976564858,0.30368098327623483,254,217,118,100,topographic_map
246,0.8442617425,0.6058787396,0.19585730144969968,254,217,118,100,topographic_map
247,0.8583381506,0.5343590632,0.5245950589533379,254,217,118,100,topographic_map
248,0.8583381506,0.5343590632,0.9315016829462628,254,217,118,100,topographic_map
249,0.8580040891,0.5431533376,0.2064312189074105,254,217,118,100,topographic_map
250,0.8204213433,0.5453588725,0.5766480374852269,254,217,118,100,topographic_map
251,0.829097923,0.5500195007,0.7556497226920103,254,217,118,100,topographic_map
252,0.829097923,0.5500195007,0.8516161614048078,254,217,118,100,topographic_map
253,0.8284759988,0.5141524428,0.1700803391634968,254,217,118,100,topographic_map
254,0.8339048609,0.5213030239,0.6386214144609628,254,217,118,100,topographic_map
255,0.8239145974,0.5220185251,0.4114190993644481,254,217,118,100,topographic_map
256,0.8686721202,0.460300042,0.8688562718996212,254,217,118,100,topographic_map
257,0.8750951963,0.4537390954,0.07200680821159174,254,217,118,100,topographic_map
258,0.8786499407,0.4615639528,0.11213873703023294,254,217,118,100,topographic_map
259,0.8979347352,0.4791563501,0.5188977829474092,254,217,118,100,topographic_map
260,0.8921136695,0.4863992324,0.7490621658670668,254,217,118,100,topographic_map
261,0.8979347352,0.4791563501,0.8313672460042957,254,217,118,100,topographic_map
262,0.8544226597,0.4865444936,0.324404515909169,254,217,118,100,topographic_map
263,0.8643315192,0.4881706191,0.09544573887847839,254,217,118,100,topographic_map
264,0.8605922539,0.4800362561,0.06699504865063695,254,217,118,100,topographic_map
265,0.8313232424,0.4302707618,0.817775593279089,254,217,118,100,topographic_map
266,0.8313232424,0.4302707618,0.07468559392390935,254,217,118,100,topographic_map
267,0.8313232424,0.4302707618,0.5364416171853827,254,217,118,100,topographic_map
268,0.8122271664,0.4014549686,0.848122750646283,254,217,118,100,topographic_map
269,0.8212878544,0.397813799,0.1483914290820586,254,217,118,100,topographic_map
270,0.8206899667,0.4062193305,0.5240630644605702,254,217,118,100,topographic_map
271,0.8007949165,0.4317691269,0.7995676213438564,254,217,118,100,topographic_map
272,0.7975116689,0.4233290482,0.8349942204071414,254,217,118,100,topographic_map
273,0.7975116689,0.4233290482,0.1181247340200561,254,217,118,100,topographic_map
274,0.9844055484,0.4288943327,0.25858133137863526,254,217,118,100,topographic_map
275,0.9834778718,0.4374710219,0.13382229969812773,254,217,118,100,topographic_map
276,0.9750901042,0.4324171302,0.2587056325685724,254,217,118,100,topographic_map
277,0.9977716073,0.4604537059,0.26802753241069294,254,217,118,100,topographic_map
278,0.9977716073,0.4604537059,0.7284728744324636,254,217,118,100,topographic_map
279,0.9902241655,0.4671163699,0.7555632854113664,254,217,118,100,topographic_map
280,0.9623435458,0.4616236826,0.06012335997397167,254,217,118,100,topographic_map
281,0.9530554111,0.4583057171,0.8516379459041694,254,217,118,100,topographic_map
282,0.9605878613,0.4528812876,0.8940434851768805,254,217,118,100,topographic_map
283,0.6474368037,0.6859674362,0.47228526103075,254,217,118,100,topographic_map
284,0.6376448783,0.6842611574,0.6078612439803341,254,217,118,100,topographic_map
285,0.6474368037,0.6859674362,0.6881415872727615,254,217,118,100,topographic_map
286,0.6452993471,0.6507567507,0.08801501177114779,254,217,118,100,topographic_map
287,0.6535086529,0.6552296866,0.702075479129627,254,217,118,100,topographic_map
288,0.6448715447,0.6594270366,0.14907443859153252,254,217,118,100,topographic_map
289,0.6748342335,0.6653671759,0.7179640311985067,254,217,118,100,topographic_map
290,0.6821973917,0.6710502802,0.8183635449016173,254,217,118,100,topographic_map
291,0.6732640194,0.6742565249,0.8795196236879923,254,217,118,100,topographic_map
292,0.6970122457,0.748923235,0.05758799691787096,254,217,118,100,topographic_map
293,0.6945655011,0.7405578952,0.3590799035577828,254,217,118,100,topographic_map
294,0.6874040541,0.7469233995,0.6579026123463267,254,217,118,100,topographic_map
295,0.6640455955,0.7253650529,0.7840297916109422,254,217,118,100,topographic_map
296,0.6565253072,0.7309189369,0.2635492568808972,254,217,118,100,topographic_map
297,0.6655205008,0.7342186945,0.9393253518096918,254,217,118,100,topographic_map
298,0.6930843868,0.7090126861,0.5964587322086545,254,217,118,100,topographic_map
299,0.6949292709,0.7176119477,0.11336898341206768,254,217,118,100,topographic_map
300,0.6856172872,0.7145090323,0.6348190831055865,254,217,118,100,topographic_map
301,0.7660866239,0.6485068632,0.7293815645139478,254,217,118,100,topographic_map
302,0.7564696873,0.6470456277,0.5943213248390011,254,217,118,100,topographic_map
303,0.762227976,0.6402441723,0.9262920551080414,254,217,118,100,topographic_map
304,0.7917284818,0.6475272812,0.5210938129794793,254,217,118,100,topographic_map
305,0.7978532512,0.6403135457,0.9206011277767768,254,217,118,100,topographic_map
306,0.8013279158,0.6484050621,0.8924981414136071,254,217,118,100,topographic_map
307,0.7832044161,0.6222621174,0.4124617153108316,254,217,118,100,topographic_map
308,0.7735081117,0.6201248515,0.2875889446074399,254,217,118,100,topographic_map
309,0.7807220166,0.614024492,0.9797373532333599,254,217,118,100,topographic_map
310,0.0603778848,0.4731690667,0.9580215146934384,254,217,118,100,topographic_map
311,0.0603778848,0.4731690667,0.13117313732831215,254,217,118,100,topographic_map
312,0.0603778848,0.4731690667,0.8185799168965322,254,217,118,100,topographic_map
313,0.0886284458,0.4544374416,0.774480602733221,254,217,118,100,topographic_map
314,0.0939764285,0.4619161322,0.9441945577406207,254,217,118,100,topographic_map
315,0.0939764285,0.4619161322,0.04102549252385855,254,217,118,100,topographic_map
316,0.0978984157,0.4904957029,0.7324023109345725,254,217,118,100,topographic_map
317,0.0882641514,0.4879941083,0.7707586823941621,254,217,118,100,topographic_map
318,0.0899648418,0.4964373063,0.6072440353614906,254,217,118,100,topographic_map
319,0.5927068823,0.6595584656,0.8158564624843647,254,217,118,100,topographic_map
320,0.6015010113,0.6631364305,0.7390814750376712,254,217,118,100,topographic_map
321,0.6010550816,0.6545261143,0.9402109162946404,254,217,118,100,topographic_map
322,0.571798977,0.6457253365,0.6866658334609893,254,217,118,100,topographic_map
323,0.5730794982,0.6370072177,0.8983182761017686,254,217,118,100,topographic_map
324,0.5730794982,0.6370072177,0.3508968789655974,254,217,118,100,topographic_map
325,0.6055716865,0.6322149458,0.17212503563602355,254,217,118,100,topographic_map
326,0.5965397573,0.6286270751,0.43638611778990677,254,217,118,100,topographic_map
327,0.6039328954,0.6235206989,0.4833592729075908,254,217,118,100,topographic_map
328,0.720213518,0.6161924343,0.9221139132387939,254,217,118,100,topographic_map
329,0.7243383408,0.6240078629,0.39578616656055204,254,217,118,100,topographic_map
330,0.7148495944,0.6240251867,0.2386234474086241,254,217,118,100,topographic_map
331,0.6813265581,0.6242471837,0.17702587170147024,254,217,118,100,topographic_map
332,0.6909313265,0.6253159951,0.32669507042761603,254,217,118,100,topographic_map
333,0.6868129751,0.6171434037,0.8145303421679844,254,217,118,100,topographic_map
334,0.7082115895,0.5973265971,0.14214061118992188,254,217,118,100,topographic_map
335,0.6982915364,0.5974349797,0.802090833124406,254,217,118,100,topographic_map
336,0.7032492143,0.5899119533,0.7328846251448934,254,217,118,100,topographic_map
337,0.912885525,0.6832965677,0.1119588828239745,254,217,118,100,topographic_map
338,0.9216354883,0.68735294,0.83771781948928,254,217,118,100,topographic_map
339,0.9217092217,0.6786633001,0.7112238821444977,254,217,118,100,topographic_map
340,0.891869907,0.6656944655,0.6557495937374285,254,217,118,100,topographic_map
341,0.891869907,0.6656944655,0.9084246943126187,254,217,118,100,topographic_map
342,0.8918466451,0.6569225124,0.6930177271416575,254,217,118,100,topographic_map
343,0.9172746486,0.6510376241,0.9909200045273413,254,217,118,100,topographic_map
344,0.9252046745,0.6458258771,0.8775833298665229,254,217,118,100,topographic_map
345,0.926433881,0.6546762503,0.9180276418831756,254,217,118,100,topographic_map
346,0.7750751276,0.7061552268,0.0737101315174474,254,217,118,100,topographic_map
347,0.7750751276,0.7061552268,0.17075998478067428,254,217,118,100,topographic_map
348,0.7750751276,0.7061552268,0.6458469778390111,254,217,118,100,topographic_map
349,0.7474399944,0.6905025616,0.3278698944644235,254,217,118,100,topographic_map
350,0.7474399944,0.6905025616,0.1750202256952254,254,217,118,100,topographic_map
351,0.7380156366,0.6934766694,0.9096871458967319,254,217,118,100,topographic_map
352,0.7455627285,0.7169723385,0.8486581098501729,254,217,118,100,topographic_map
353,0.7507977124,0.7245034579,0.4878652007039713,254,217,118,100,topographic_map
354,0.7407992411,0.7245385518,0.7097210283264771,254,217,118,100,topographic_map
355,0.8625956735,0.7134233767,0.6963734798404453,254,217,118,100,topographic_map
356,0.8627014388,0.7044168884,0.37610465804210064,254,217,118,100,topographic_map
357,0.8625956735,0.7134233767,0.7692994299513399,254,217,118,100,topographic_map
358,0.8313585225,0.7177674493,0.7617582173343809,254,217,118,100,topographic_map
359,0.8313585225,0.7177674493,0.17720635065006474,254,217,118,100,topographic_map
360,0.824294658,0.711616323,0.046222657326984905,254,217,118,100,topographic_map
361,0.831474682,0.6874420578,0.9664037758194123,254,217,118,100,topographic_map
362,0.8383614465,0.680822865,0.09133794878270611,254,217,118,100,topographic_map
363,0.841286746,0.6889027467,0.251829509856242,254,217,118,100,topographic_map
364,0.7355833839,0.3443564939,0.24932616400549928,255,237,160,100,topographic_map
365,0.7355833839,0.3443564939,0.4035071481103059,255,237,160,100,topographic_map
366,0.7355833839,0.3443564939,0.8246920852741424,255,237,160,100,topographic_map
367,0.6968821691,0.34309219,0.6406433084351091,255,237,160,100,topographic_map
368,0.6968821691,0.34309219,0.840973241289172,255,237,160,100,topographic_map
369,0.6968821691,0.34309219,0.009790456738765059,255,237,160,100,topographic_map
370,0.7169450746,0.3145302582,0.6515650321467052,255,237,160,100,topographic_map
371,0.7169450746,0.3145302582,0.9821420948225793,255,237,160,100,topographic_map
372,0.7169450746,0.3145302582,0.4530802452490307,255,237,160,100,topographic_map
373,0.5941875313,0.3578332744,0.46575135368629744,255,237,160,100,topographic_map
374,0.5941875313,0.3578332744,0.17958536794237134,255,237,160,100,topographic_map
375,0.5941875313,0.3578332744,0.7893859395968769,255,237,160,100,topographic_map
376,0.6314468314,0.3456842702,0.36807056005053096,255,237,160,100,topographic_map
377,0.6314468314,0.3456842702,0.14802867739125214,255,237,160,100,topographic_map
378,0.6314468314,0.3456842702,0.10464635713188561,255,237,160,100,topographic_map
379,0.6049544441,0.324150766,0.6634098186008689,255,237,160,100,topographic_map
380,0.6049544441,0.324150766,0.17501872293750026,255,237,160,100,topographic_map
381,0.6049544441,0.324150766,0.7938566151124519,255,237,160,100,topographic_map
382,0.6338497944,0.2811048405,0.6183344762164702,255,237,160,100,topographic_map
383,0.6338497944,0.2811048405,0.6871897082582823,255,237,160,100,topographic_map
384,0.6338497944,0.2811048405,0.48167422473054533,255,237,160,100,topographic_map
385,0.6625196689,0.3022176092,0.8593344108667168,255,237,160,100,topographic_map
386,0.6625196689,0.3022176092,0.022823559660891463,255,237,160,100,topographic_map
387,0.6625196689,0.3022176092,0.6555626726645224,255,237,160,100,topographic_map
388,0.6714780146,0.2685068003,0.9686443948034308,255,237,160,100,topographic_map
389,0.6714780146,0.2685068003,0.10088180506637047,255,237,160,100,topographic_map
390,0.6714780146,0.2685068003,0.9510103770832742,255,237,160,100,topographic_map
391,0.8891886947,0.314641965,0.6598452111195509,255,237,160,100,topographic_map
392,0.8891886947,0.314641965,0.6720906394696452,255,237,160,100,topographic_map
393,0.8891886947,0.314641965,0.5297741188573812,255,237,160,100,topographic_map
394,0.9099367137,0.2797227056,0.2105447332528638,255,237,160,100,topographic_map
395,0.9099367137,0.2797227056,0.08260372518369336,255,237,160,100,topographic_map
396,0.9099367137,0.2797227056,0.2847326410222658,255,237,160,100,topographic_map
397,0.8682652997,0.2893421871,0.5657028220874806,255,237,160,100,topographic_map
398,0.8682652997,0.2893421871,0.9135217175927289,255,237,160,100,topographic_map
399,0.8682652997,0.2893421871,0.6952842406743424,255,237,160,100,topographic_map
400,0.8073228085,0.3236349781,0.3586074575389552,255,237,160,100,topographic_map
401,0.8073228085,0.3236349781,0.19101118858661978,255,237,160,100,topographic_map
402,0.8073228085,0.3236349781,0.45408309049684714,255,237,160,100,topographic_map
403,0.8313212685,0.3503908824,0.05374027468419346,255,237,160,100,topographic_map
404,0.8313212685,0.3503908824,0.9409649173459829,255,237,160,100,topographic_map
405,0.8313212685,0.3503908824,0.9619752940330537,255,237,160,100,topographic_map
406,0.7914989613,0.3554909449,0.8092435241071045,255,237,160,100,topographic_map
407,0.7914989613,0.3554909449,0.9876819125190742,255,237,160,100,topographic_map
408,0.7914989613,0.3554909449,0.12457660599484043,255,237,160,100,topographic_map
409,0.860203848,0.1401230395,0.7371579464036477,255,237,160,100,topographic_map
410,0.860203848,0.1401230395,0.0846496586950362,255,237,160,100,topographic_map
411,0.860203848,0.1401230395,0.1118585842750665,255,237,160,100,topographic_map
412,0.8276148597,0.1627143005,0.020117248744480128,255,237,160,100,topographic_map
413,0.8276148597,0.1627143005,0.3620187105891366,255,237,160,100,topographic_map
414,0.8276148597,0.1627143005,0.26439752766151864,255,237,160,100,topographic_map
415,0.8211954066,0.1267734379,0.8618565947196842,255,237,160,100,topographic_map
416,0.8211954066,0.1267734379,0.7072254731609154,255,237,160,100,topographic_map
417,0.8211954066,0.1267734379,0.8480551809778366,255,237,160,100,topographic_map
418,0.5535843054,0.570321628,0.4953381196028485,255,237,160,100,topographic_map
419,0.5535843054,0.570321628,0.7301711217361837,255,237,160,100,topographic_map
420,0.5535843054,0.570321628,0.013105007032989951,255,237,160,100,topographic_map
421,0.5818612545,0.5874146799,0.522376973391539,255,237,160,100,topographic_map
422,0.5818612545,0.5874146799,0.7865578339240701,255,237,160,100,topographic_map
423,0.5818612545,0.5874146799,0.04591777088419319,255,237,160,100,topographic_map
424,0.5845535293,0.5546702232,0.5693829365937841,255,237,160,100,topographic_map
425,0.5845535293,0.5546702232,0.05088072788259698,255,237,160,100,topographic_map
426,0.5845535293,0.5546702232,0.6550188091464164,255,237,160,100,topographic_map
427,0.3877082425,0.4703536285,0.7826710685308559,255,237,160,100,topographic_map
428,0.3877082425,0.4703536285,0.8242292579492912,255,237,160,100,topographic_map
429,0.3877082425,0.4703536285,0.21060808449086071,255,237,160,100,topographic_map
430,0.3635096703,0.4942626528,0.8797313582841416,255,237,160,100,topographic_map
431,0.3635096703,0.4942626528,0.953028308062311,255,237,160,100,topographic_map
432,0.3635096703,0.4942626528,0.9901225138515279,255,237,160,100,topographic_map
433,0.3508119969,0.4632099413,0.5933783020350891,255,237,160,100,topographic_map
434,0.3508119969,0.4632099413,0.6866855705721131,255,237,160,100,topographic_map
435,0.3508119969,0.4632099413,0.10008335134854264,255,237,160,100,topographic_map
436,0.4803605868,0.4361518685,0.32524128283791814,255,237,160,100,topographic_map
437,0.4803605868,0.4361518685,0.5404132775217495,255,237,160,100,topographic_map
438,0.4803605868,0.4361518685,0.24987126408464663,255,237,160,100,topographic_map
439,0.4680923773,0.4046697023,0.5032817666440965,255,237,160,100,topographic_map
440,0.4680923773,0.4046697023,0.4962030554667561,255,237,160,100,topographic_map
441,0.4680923773,0.4046697023,0.5536273588030737,255,237,160,100,topographic_map
442,0.445515715,0.4284975247,0.9426441082743862,255,237,160,100,topographic_map
443,0.445515715,0.4284975247,0.37445475541143913,255,237,160,100,topographic_map
444,0.445515715,0.4284975247,0.5302909911052316,255,237,160,100,topographic_map
445,0.3300768706,0.529685866,0.7761321263952977,255,237,160,100,topographic_map
446,0.3300768706,0.529685866,0.9953746087429208,255,237,160,100,topographic_map
447,0.3300768706,0.529685866,0.7624782618864532,255,237,160,100,topographic_map
448,0.2930770959,0.532839007,0.7738534673907173,255,237,160,100,topographic_map
449,0.2930770959,0.532839007,0.7152163730893669,255,237,160,100,topographic_map
450,0.2930770959,0.532839007,0.51230520813231,255,237,160,100,topographic_map
451,0.3091866069,0.5007276278,0.7653359352933504,255,237,160,100,topographic_map
452,0.3091866069,0.5007276278,0.5351176395252153,255,237,160,100,topographic_map
453,0.3091866069,0.5007276278,0.981157232410237,255,237,160,100,topographic_map
454,0.1593692089,0.490538364,0.4348160086937916,255,237,160,100,topographic_map
455,0.1593692089,0.490538364,0.6767409272500882,255,237,160,100,topographic_map
456,0.1593692089,0.490538364,0.11324115622381516,255,237,160,100,topographic_map
457,0.1469030173,0.4544879963,0.6389346238770681,255,237,160,100,topographic_map
458,0.1469030173,0.4544879963,0.9195746184696002,255,237,160,100,topographic_map
459,0.1469030173,0.4544879963,0.5677045713004323,255,237,160,100,topographic_map
460,0.1830271111,0.4620176209,0.6394346871987422,255,237,160,100,topographic_map
461,0.1830271111,0.4620176209,0.7924790567985966,255,237,160,100,topographic_map
462,0.1830271111,0.4620176209,0.6465601555010779,255,237,160,100,topographic_map
463,0.1152489765,0.550608332,0.10068057846645097,255,237,160,100,topographic_map
464,0.1152489765,0.550608332,0.3483590864483015,255,237,160,100,topographic_map
465,0.1152489765,0.550608332,0.839116846095752,255,237,160,100,topographic_map
466,0.1558228847,0.55160422,0.9240601146154249,255,237,160,100,topographic_map
467,0.1558228847,0.55160422,0.1716179190399018,255,237,160,100,topographic_map
468,0.1558228847,0.55160422,0.4785829721197519,255,237,160,100,topographic_map
469,0.1338047074,0.5819132582,0.29365235366514597,255,237,160,100,topographic_map
470,0.1338047074,0.5819132582,0.08350588705999468,255,237,160,100,topographic_map
471,0.1338047074,0.5819132582,0.7734060146498366,255,237,160,100,topographic_map
472,0.6183819527,0.5331627354,0.04900467921421892,255,237,160,100,topographic_map
473,0.6183819527,0.5331627354,0.3680326116132889,255,237,160,100,topographic_map
474,0.6183819527,0.5331627354,0.5249252553632658,255,237,160,100,topographic_map
475,0.6490299985,0.5144020144,0.8051562071662116,255,237,160,100,topographic_map
476,0.6490299985,0.5144020144,0.31254208057763344,255,237,160,100,topographic_map
477,0.6490299985,0.5144020144,0.9855816643435187,255,237,160,100,topographic_map
478,0.6541216571,0.5440153564,0.9831956407766322,255,237,160,100,topographic_map
479,0.6541216571,0.5440153564,0.3569473447198086,255,237,160,100,topographic_map
480,0.6541216571,0.5440153564,0.4676433027575194,255,237,160,100,topographic_map
481,0.8009571,0.4755172414,0.47061254978816813,255,237,160,100,topographic_map
482,0.8009571,0.4755172414,0.6215367520676388,255,237,160,100,topographic_map
483,0.8009571,0.4755172414,0.584727652905338,255,237,160,100,topographic_map
484,0.7747955603,0.4992276428,0.5256074438264259,255,237,160,100,topographic_map
485,0.7747955603,0.4992276428,0.9531458409543666,255,237,160,100,topographic_map
486,0.7747955603,0.4992276428,0.3888132305315478,255,237,160,100,topographic_map
487,0.7641193838,0.4672182464,0.7214733479437208,255,237,160,100,topographic_map
488,0.7641193838,0.4672182464,0.39753005662934415,255,237,160,100,topographic_map
489,0.7641193838,0.4672182464,0.5453596230146235,255,237,160,100,topographic_map
490,0.7161279856,0.4677807377,0.6379549735168489,255,237,160,100,topographic_map
491,0.7161279856,0.4677807377,0.45238834153882046,255,237,160,100,topographic_map
492,0.7161279856,0.4677807377,0.7500020656624143,255,237,160,100,topographic_map
493,0.6840924975,0.4483979775,0.4457248138392777,255,237,160,100,topographic_map
494,0.6840924975,0.4483979775,0.20471546435348956,255,237,160,100,topographic_map
495,0.6840924975,0.4483979775,0.7987876035292957,255,237,160,100,topographic_map
496,0.6829095524,0.4803560411,0.8152181836829087,255,237,160,100,topographic_map
497,0.6829095524,0.4803560411,0.675207930109119,255,237,160,100,topographic_map
498,0.6829095524,0.4803560411,0.012033444567293975,255,237,160,100,topographic_map
499,0.6412701329,0.4665353779,0.27963645028292855,255,237,160,100,topographic_map
500,0.6412701329,0.4665353779,0.15668798434557538,255,237,160,100,topographic_map
501,0.6412701329,0.4665353779,0.3272634707279568,255,237,160,100,topographic_map
502,0.6069817222,0.4660282574,0.515132094165636,255,237,160,100,topographic_map
503,0.6069817222,0.4660282574,0.8899403449443135,255,237,160,100,topographic_map
504,0.6069817222,0.4660282574,0.697149162820456,255,237,160,100,topographic_map
505,0.6182440617,0.4933012381,0.17730299832190433,255,237,160,100,topographic_map
506,0.6182440617,0.4933012381,0.6500352692509787,255,237,160,100,topographic_map
507,0.6182440617,0.4933012381,0.289383792984341,255,237,160,100,topographic_map
508,0.7302866972,0.5193450268,0.10559872742431449,255,237,160,100,topographic_map
509,0.7302866972,0.5193450268,0.9517026612188706,255,237,160,100,topographic_map
510,0.7302866972,0.5193450268,0.4637151841538648,255,237,160,100,topographic_map
511,0.6952444806,0.5182294059,0.0641256766414433,255,237,160,100,topographic_map
512,0.6952444806,0.5182294059,0.027055510099574024,255,237,160,100,topographic_map
513,0.6952444806,0.5182294059,0.6763036393348592,255,237,160,100,topographic_map
514,0.7071247402,0.5481907755,0.6590157084326959,255,237,160,100,topographic_map
515,0.7071247402,0.5481907755,0.5009230106718213,255,237,160,100,topographic_map
516,0.7071247402,0.5481907755,0.8430343709478075,255,237,160,100,topographic_map
517,0.6311634164,0.3901462755,0.013561334781428194,255,237,160,100,topographic_map
518,0.6311634164,0.3901462755,0.43017812399965377,255,237,160,100,topographic_map
519,0.6311634164,0.3901462755,0.8590695456874472,255,237,160,100,topographic_map
520,0.665320851,0.3789855878,0.3951804657637415,255,237,160,100,topographic_map
521,0.665320851,0.3789855878,0.4722269696584805,255,237,160,100,topographic_map
522,0.665320851,0.3789855878,0.8761633418270494,255,237,160,100,topographic_map
523,0.6567350263,0.4130580606,0.45660506935107065,255,237,160,100,topographic_map
524,0.6567350263,0.4130580606,0.882266029903983,255,237,160,100,topographic_map
525,0.6567350263,0.4130580606,0.9462383190314394,255,237,160,100,topographic_map
526,0.3999305967,0.4282447509,0.2730738781231083,255,237,160,100,topographic_map
527,0.3999305967,0.4282447509,0.09199982027170509,255,237,160,100,topographic_map
528,0.3999305967,0.4282447509,0.4403740330808659,255,237,160,100,topographic_map
529,0.3679776995,0.4128354278,0.49439168526006977,255,237,160,100,topographic_map
530,0.3679776995,0.4128354278,0.8220347988730671,255,237,160,100,topographic_map
531,0.3679776995,0.4128354278,0.7026668145670332,255,237,160,100,topographic_map
532,0.4010821969,0.3953027715,0.33228009358489324,255,237,160,100,topographic_map
533,0.4010821969,0.3953027715,0.8711718767561999,255,237,160,100,topographic_map
534,0.4010821969,0.3953027715,0.996300733336434,255,237,160,100,topographic_map
535,0.2310503414,0.3868950759,0.869960261005981,255,237,160,100,topographic_map
536,0.2310503414,0.3868950759,0.8162200289233131,255,237,160,100,topographic_map
537,0.2310503414,0.3868950759,0.006535914049924293,255,237,160,100,topographic_map
538,0.1959165889,0.4016014904,0.055175478762207075,255,237,160,100,topographic_map
539,0.1959165889,0.4016014904,0.789263937422582,255,237,160,100,topographic_map
540,0.1959165889,0.4016014904,0.7680019263540352,255,237,160,100,topographic_map
541,0.2275099389,0.4221599136,0.7544713035157128,255,237,160,100,topographic_map
542,0.2275099389,0.4221599136,0.4793888453189252,255,237,160,100,topographic_map
543,0.2275099389,0.4221599136,0.7890592857930044,255,237,160,100,topographic_map
544,0.2842533992,0.4482964162,0.6297186726763867,255,237,160,100,topographic_map
545,0.2842533992,0.4482964162,0.8892235251624143,255,237,160,100,topographic_map
546,0.2842533992,0.4482964162,0.5547592909640415,255,237,160,100,topographic_map
547,0.316694496,0.4314509789,0.14301606594233787,255,237,160,100,topographic_map
548,0.316694496,0.4314509789,0.2999182120856747,255,237,160,100,topographic_map
549,0.316694496,0.4314509789,0.1311938223463646,255,237,160,100,topographic_map
550,0.2845752177,0.4131685013,0.17416394410952515,255,237,160,100,topographic_map
551,0.2845752177,0.4131685013,0.35480702912921236,255,237,160,100,topographic_map
552,0.2845752177,0.4131685013,0.969367647057974,255,237,160,100,topographic_map
553,0.4673230863,0.4779521412,0.07192962268274061,255,237,160,100,topographic_map
554,0.4673230863,0.4779521412,0.8692869756509012,255,237,160,100,topographic_map
555,0.4673230863,0.4779521412,0.4247220118990329,255,237,160,100,topographic_map
556,0.4389293436,0.4973258868,0.042663853111870015,255,237,160,100,topographic_map
557,0.4389293436,0.4973258868,0.24179299455744888,255,237,160,100,topographic_map
558,0.4389293436,0.4973258868,0.8363283339469688,255,237,160,100,topographic_map
559,0.4337652696,0.4663140837,0.8501323270501111,255,237,160,100,topographic_map
560,0.4337652696,0.4663140837,0.033947156235943916,255,237,160,100,topographic_map
561,0.4337652696,0.4663140837,0.9129144124814724,255,237,160,100,topographic_map
562,0.3024581781,0.5868841394,0.9871191604676997,255,237,160,100,topographic_map
563,0.3024581781,0.5868841394,0.743539383207818,255,237,160,100,topographic_map
564,0.3024581781,0.5868841394,0.639490218739479,255,237,160,100,topographic_map
565,0.3396739809,0.5805035591,0.6397435696897433,255,237,160,100,topographic_map
566,0.3396739809,0.5805035591,0.5059612933481816,255,237,160,100,topographic_map
567,0.3396739809,0.5805035591,0.49245876534793037,255,237,160,100,topographic_map
568,0.3265555324,0.612943488,0.5784972260556516,255,237,160,100,topographic_map
569,0.3265555324,0.612943488,0.37974828779746317,255,237,160,100,topographic_map
570,0.3265555324,0.612943488,0.2284509731957489,255,237,160,100,topographic_map
571,0.2489657335,0.5666107895,0.6315209621829843,255,237,160,100,topographic_map
572,0.2489657335,0.5666107895,0.027383373151783658,255,237,160,100,topographic_map
573,0.2489657335,0.5666107895,0.8454275153052976,255,237,160,100,topographic_map
574,0.2459217759,0.6013705649,0.6836693019776967,255,237,160,100,topographic_map
575,0.2459217759,0.6013705649,0.6682142152917472,255,237,160,100,topographic_map
576,0.2459217759,0.6013705649,0.1332925962103941,255,237,160,100,topographic_map
577,0.2135326999,0.5798671012,0.1450051496013545,255,237,160,100,topographic_map
578,0.2135326999,0.5798671012,0.5244638054027316,255,237,160,100,topographic_map
579,0.2135326999,0.5798671012,0.30227225473005814,255,237,160,100,topographic_map
580,0.5469295146,0.3953331802,0.38360634887622985,255,237,160,100,topographic_map
581,0.5469295146,0.3953331802,0.9995345521391158,255,237,160,100,topographic_map
582,0.5469295146,0.3953331802,0.08982999475328735,255,237,160,100,topographic_map
583,0.5113737267,0.4007250592,0.3088825328471354,255,237,160,100,topographic_map
584,0.5113737267,0.4007250592,0.17901027913252676,255,237,160,100,topographic_map
585,0.5113737267,0.4007250592,0.3687642851783088,255,237,160,100,topographic_map
586,0.5315701959,0.425913582,0.8435347659327576,255,237,160,100,topographic_map
587,0.5315701959,0.425913582,0.8173149393625114,255,237,160,100,topographic_map
588,0.5315701959,0.425913582,0.19674237972139752,255,237,160,100,topographic_map
589,0.5024012983,0.2480497264,0.9782332985087508,255,237,160,100,topographic_map
590,0.5024012983,0.2480497264,0.4866800398882595,255,237,160,100,topographic_map
591,0.5024012983,0.2480497264,0.08459705754557453,255,237,160,100,topographic_map
592,0.4883073345,0.2826960214,0.08985415221677907,255,237,160,100,topographic_map
593,0.4883073345,0.2826960214,0.2212767451501222,255,237,160,100,topographic_map
594,0.4883073345,0.2826960214,0.2228957091015297,255,237,160,100,topographic_map
595,0.5223775683,0.2795743878,0.8285320733241186,255,237,160,100,topographic_map
596,0.5223775683,0.2795743878,0.9509961133047053,255,237,160,100,topographic_map
597,0.5223775683,0.2795743878,0.8592501228676898,255,237,160,100,topographic_map
598,0.5116011359,0.328707521,0.6284855168621133,255,237,160,100,topographic_map
599,0.5116011359,0.328707521,0.9638355556381003,255,237,160,100,topographic_map
600,0.5116011359,0.328707521,0.7650959067953097,255,237,160,100,topographic_map
601,0.538284959,0.3534613365,0.013354261283569596,255,237,160,100,topographic_map
602,0.538284959,0.3534613365,0.11135395882498403,255,237,160,100,topographic_map
603,0.538284959,0.3534613365,0.9523880583216973,255,237,160,100,topographic_map
604,0.5013869394,0.3600541364,0.7476799401978349,255,237,160,100,topographic_map
605,0.5013869394,0.3600541364,0.5789375110541098,255,237,160,100,topographic_map
606,0.5013869394,0.3600541364,0.12410704878410023,255,237,160,100,topographic_map
607,0.5083068851,0.1755009059,0.2425973762537248,255,237,160,100,topographic_map
608,0.5083068851,0.1755009059,0.4208675271705696,255,237,160,100,topographic_map
609,0.5083068851,0.1755009059,0.0842258253798312,255,237,160,100,topographic_map
610,0.4742163471,0.1918309626,0.9081478601072722,255,237,160,100,topographic_map
611,0.4742163471,0.1918309626,0.6343366475746004,255,237,160,100,topographic_map
612,0.4742163471,0.1918309626,0.2583764403119997,255,237,160,100,topographic_map
613,0.4718826638,0.1566239248,0.9634218923377876,255,237,160,100,topographic_map
614,0.4718826638,0.1566239248,0.07228507406994772,255,237,160,100,topographic_map
615,0.4718826638,0.1566239248,0.7750362625515536,255,237,160,100,topographic_map
616,0.3070606564,0.1677046306,0.6357746703693761,255,237,160,100,topographic_map
617,0.3070606564,0.1677046306,0.3334481424250767,255,237,160,100,topographic_map
618,0.3070606564,0.1677046306,0.004708975452924061,255,237,160,100,topographic_map
619,0.2708284986,0.1475683987,0.3236432295200084,255,237,160,100,topographic_map
620,0.2708284986,0.1475683987,0.9325331128273507,255,237,160,100,topographic_map
621,0.2708284986,0.1475683987,0.47541998871325036,255,237,160,100,topographic_map
622,0.2690513762,0.1829893238,0.3282439612301995,255,237,160,100,topographic_map
623,0.2690513762,0.1829893238,0.640216897986401,255,237,160,100,topographic_map
624,0.2690513762,0.1829893238,0.10728626958275538,255,237,160,100,topographic_map
625,0.5636125863,0.0985647313,0.10324771078549454,255,237,160,100,topographic_map
626,0.5636125863,0.0985647313,0.17993268734115891,255,237,160,100,topographic_map
627,0.5636125863,0.0985647313,0.5036660562497339,255,237,160,100,topographic_map
628,0.5241546251,0.1066635319,0.38945569355619775,255,237,160,100,topographic_map
629,0.5241546251,0.1066635319,0.4648152687486038,255,237,160,100,topographic_map
630,0.5241546251,0.1066635319,0.1848140821592061,255,237,160,100,topographic_map
631,0.5521474429,0.133276618,0.07005789816287344,255,237,160,100,topographic_map
632,0.5521474429,0.133276618,0.8292480182396964,255,237,160,100,topographic_map
633,0.5521474429,0.133276618,0.5579679248851851,255,237,160,100,topographic_map
634,0.7134453241,0.2207358568,0.8337255733072532,255,237,160,100,topographic_map
635,0.7134453241,0.2207358568,0.6503486200422456,255,237,160,100,topographic_map
636,0.7134453241,0.2207358568,0.9020633420935039,255,237,160,100,topographic_map
637,0.7496483609,0.2013665803,0.5385451433847358,255,237,160,100,topographic_map
638,0.7496483609,0.2013665803,0.9201261803121554,255,237,160,100,topographic_map
639,0.7496483609,0.2013665803,0.4730457245110453,255,237,160,100,topographic_map
640,0.7136880497,0.1866994986,0.8497324121771644,255,237,160,100,topographic_map
641,0.7136880497,0.1866994986,0.7743944464371365,255,237,160,100,topographic_map
642,0.7136880497,0.1866994986,0.10272138569550092,255,237,160,100,topographic_map
643,0.5896635337,0.2499091197,0.5822226792420832,255,237,160,100,topographic_map
644,0.5896635337,0.2499091197,0.0,255,237,160,100,topographic_map
645,0.5896635337,0.2499091197,0.3581127978150786,255,237,160,100,topographic_map
646,0.5628254172,0.2676151759,0.8046452006596597,255,237,160,100,topographic_map
647,0.5628254172,0.2676151759,0.44411276979566194,255,237,160,100,topographic_map
648,0.5628254172,0.2676151759,0.3708515830571456,255,237,160,100,topographic_map
649,0.5556552421,0.2296729161,0.4296495882091929,255,237,160,100,topographic_map
650,0.5556552421,0.2296729161,0.2705300007402227,255,237,160,100,topographic_map
651,0.5556552421,0.2296729161,0.5101035553035781,255,237,160,100,topographic_map
652,0.7710273114,0.2872714277,0.07978741368462683,255,237,160,100,topographic_map
653,0.7710273114,0.2872714277,0.11655525542121749,255,237,160,100,topographic_map
654,0.7710273114,0.2872714277,0.7759250647943107,255,237,160,100,topographic_map
655,0.7720664751,0.2523483756,0.6172060051167793,255,237,160,100,topographic_map
656,0.7720664751,0.2523483756,0.05047356875053341,255,237,160,100,topographic_map
657,0.7720664751,0.2523483756,0.3257202355267109,255,237,160,100,topographic_map
658,0.7374917946,0.2699949976,0.31504615242528855,255,237,160,100,topographic_map
659,0.7374917946,0.2699949976,0.3255614738319428,255,237,160,100,topographic_map
660,0.7374917946,0.2699949976,0.2151492534419606,255,237,160,100,topographic_map
661,0.4646613256,0.6025142715,0.339695366850491,255,237,160,100,topographic_map
662,0.4646613256,0.6025142715,0.4799496545856509,255,237,160,100,topographic_map
663,0.4646613256,0.6025142715,0.2643529344812075,255,237,160,100,topographic_map
664,0.4451967075,0.57398513,0.5508709491974534,255,237,160,100,topographic_map
665,0.4451967075,0.57398513,0.5768649713049238,255,237,160,100,topographic_map
666,0.4451967075,0.57398513,0.5643180785291412,255,237,160,100,topographic_map
667,0.4800201664,0.5734517896,0.03663752180419607,255,237,160,100,topographic_map
668,0.4800201664,0.5734517896,0.41089122248153137,255,237,160,100,topographic_map
669,0.4800201664,0.5734517896,0.8440185064627959,255,237,160,100,topographic_map
670,0.4161400263,0.5468996018,0.3166315574776281,255,237,160,100,topographic_map
671,0.4161400263,0.5468996018,0.8293629681172354,255,237,160,100,topographic_map
672,0.4161400263,0.5468996018,0.7763804178262437,255,237,160,100,topographic_map
673,0.4010022545,0.5190705536,0.17214423093881442,255,237,160,100,topographic_map
674,0.4010022545,0.5190705536,0.08693498700464997,255,237,160,100,topographic_map
675,0.4010022545,0.5190705536,0.3573805672667085,255,237,160,100,topographic_map
676,0.3789928597,0.5462825928,0.5581233867232254,255,237,160,100,topographic_map
677,0.3789928597,0.5462825928,0.19462492844868493,255,237,160,100,topographic_map
678,0.3789928597,0.5462825928,0.4806354194411284,255,237,160,100,topographic_map
679,0.3916646603,0.5926624578,0.6517584865999385,255,237,160,100,topographic_map
680,0.3916646603,0.5926624578,0.10518718920052172,255,237,160,100,topographic_map
681,0.3916646603,0.5926624578,0.3011944240540943,255,237,160,100,topographic_map
682,0.3855749836,0.6255413944,0.5786302753614748,255,237,160,100,topographic_map
683,0.3855749836,0.6255413944,0.5542011059134168,255,237,160,100,topographic_map
684,0.3855749836,0.6255413944,0.8296861618303616,255,237,160,100,topographic_map
685,0.4199725765,0.6096468538,0.741297368449884,255,237,160,100,topographic_map
686,0.4181447827,0.6173861714,0.2523496600228,255,237,160,100,topographic_map
687,0.4262741086,0.6150965607,0.48163893564155785,255,237,160,100,topographic_map
688,0.4025032702,0.1913033503,0.5126704027990391,255,237,160,100,topographic_map
689,0.4043143608,0.1990050976,0.1918989449581408,255,237,160,100,topographic_map
690,0.4110849784,0.1938737451,0.24278565194449994,255,237,160,100,topographic_map
691,0.4254200155,0.2250374955,0.6086889099221591,255,237,160,100,topographic_map
692,0.4174023391,0.2223780163,0.4838672657545565,255,237,160,100,topographic_map
693,0.4182877271,0.2300395385,0.5054282663527567,255,237,160,100,topographic_map
694,0.3791378904,0.222722864,0.25899370740159905,255,237,160,100,topographic_map
695,0.3814574817,0.230382936,0.1114381133825275,255,237,160,100,topographic_map
696,0.3791378904,0.222722864,0.40718087876202924,255,237,160,100,topographic_map
697,0.3391375586,0.0657499642,0.6664598414988273,255,237,160,100,topographic_map
698,0.3391375586,0.0657499642,0.9057861853193744,255,237,160,100,topographic_map
699,0.3391375586,0.0657499642,0.8151662687469864,255,237,160,100,topographic_map
700,0.3420678803,0.1031289825,0.6937515165541002,255,237,160,100,topographic_map
701,0.3420678803,0.1031289825,0.674089478923136,255,237,160,100,topographic_map
702,0.3420678803,0.1031289825,0.8307028284524746,255,237,160,100,topographic_map
703,0.3046799995,0.0853180017,0.6326493951021432,255,237,160,100,topographic_map
704,0.3046799995,0.0853180017,0.2756563977474431,255,237,160,100,topographic_map
705,0.3046799995,0.0853180017,0.7758928918136048,255,237,160,100,topographic_map
706,0.3582281127,0.278912647,0.8059269413528977,255,237,160,100,topographic_map
707,0.3582281127,0.278912647,0.5149012134011349,255,237,160,100,topographic_map
708,0.3582281127,0.278912647,0.6382837131013583,255,237,160,100,topographic_map
709,0.3455055907,0.3084153413,0.7595209409716562,255,237,160,100,topographic_map
710,0.3518105335,0.3139483207,0.5090389415219605,255,237,160,100,topographic_map
711,0.3455055907,0.3084153413,0.1612917777867642,255,237,160,100,topographic_map
712,0.3825498904,0.3083168197,0.5370766280751588,255,237,160,100,topographic_map
713,0.3822514712,0.316212799,0.04587753626995224,255,237,160,100,topographic_map
714,0.3898990065,0.3123666217,0.5225638403956104,255,237,160,100,topographic_map
715,0.4651013023,0.5317975143,0.40521377570349976,255,237,160,100,topographic_map
716,0.4611053943,0.5247193087,0.2705786029381241,255,237,160,100,topographic_map
717,0.4566117172,0.5314258917,0.8178440341964905,255,237,160,100,topographic_map
718,0.4902473462,0.5399581057,0.5019784744932068,255,237,160,100,topographic_map
719,0.4982856797,0.5376552512,0.8904740030245049,255,237,160,100,topographic_map
720,0.4958312145,0.5455326015,0.8400696642962491,255,237,160,100,topographic_map
721,0.4936588027,0.5072189653,0.10369424187587044,255,237,160,100,topographic_map
722,0.4860445924,0.5113334797,0.8018351960074935,255,237,160,100,topographic_map
723,0.4941860552,0.5148342146,0.29420821325774993,255,237,160,100,topographic_map
724,0.5552041456,0.5320010636,0.3248579630226436,255,237,160,100,topographic_map
725,0.5616941828,0.527432084,0.8529137203691953,255,237,160,100,topographic_map
726,0.5540757758,0.5243051058,0.9532813244520291,255,237,160,100,topographic_map
727,0.5275627866,0.5472545616,0.23422437679171332,255,237,160,100,topographic_map
728,0.5273456997,0.5398790247,0.6755697917977275,255,237,160,100,topographic_map
729,0.5349625538,0.5437354619,0.8090322489314522,255,237,160,100,topographic_map
730,0.524819272,0.512872542,0.33521054951980206,255,237,160,100,topographic_map
731,0.5251015096,0.5201227245,0.20818228721774545,255,237,160,100,topographic_map
732,0.5323981616,0.5158654746,0.3961325214732703,255,237,160,100,topographic_map
733,0.5523660147,0.4912881574,0.6156381326854056,255,237,160,100,topographic_map
734,0.5536160797,0.4989613023,0.5941026375281657,255,237,160,100,topographic_map
735,0.5460340354,0.4957705918,0.012040519662638666,255,237,160,100,topographic_map
736,0.5753524252,0.5065230537,0.32818792014341786,255,237,160,100,topographic_map
737,0.5824031675,0.5020762,0.9363703678136661,255,237,160,100,topographic_map
738,0.582965647,0.5097593514,0.4529185337892748,255,237,160,100,topographic_map
739,0.5729055105,0.4719949626,0.5742584805125038,255,237,160,100,topographic_map
740,0.5750546729,0.4792329603,0.32285307129489316,255,237,160,100,topographic_map
741,0.5664654596,0.4768131142,0.21279939204168763,255,237,160,100,topographic_map
742,0.5176143745,0.4926184003,0.5041892371769712,255,237,160,100,topographic_map
743,0.522486054,0.486432197,0.6087562042298137,255,237,160,100,topographic_map
744,0.5138200683,0.4861599102,0.5352502192423433,255,237,160,100,topographic_map
745,0.5032935449,0.4624460033,0.9441335292713019,255,237,160,100,topographic_map
746,0.5071520554,0.4687423379,0.4836179787688858,255,237,160,100,topographic_map
747,0.5116057427,0.4616895895,0.7605868420029342,255,237,160,100,topographic_map
748,0.539384256,0.4654750805,0.5898307592731927,255,237,160,100,topographic_map
749,0.5452099332,0.4597714983,0.08866245009927892,255,237,160,100,topographic_map
750,0.5368632377,0.4580061813,0.37718895840532735,255,237,160,100,topographic_map
751,0.563600743,0.3222852486,0.9629423936004032,255,237,160,100,topographic_map
752,0.5572998968,0.3165107062,0.9265277899731987,255,237,160,100,topographic_map
753,0.565770935,0.3145120085,0.8048231265292836,255,237,160,100,topographic_map
754,0.2741922757,0.246758126,0.26277453259428196,255,237,160,100,topographic_map
755,0.2741922757,0.246758126,0.07941029455358443,255,237,160,100,topographic_map
756,0.2741922757,0.246758126,0.5106337917855631,255,237,160,100,topographic_map
757,0.3116716049,0.2384673913,0.37985726083448884,255,237,160,100,topographic_map
758,0.3116716049,0.2384673913,0.8783329108687666,255,237,160,100,topographic_map
759,0.3116716049,0.2384673913,0.631469485790572,255,237,160,100,topographic_map
760,0.1394219381,0.2017373524,0.6931711298551733,255,237,160,100,topographic_map
761,0.1394219381,0.2017373524,0.9169412189632832,255,237,160,100,topographic_map
762,0.1394219381,0.2017373524,0.08262125235428204,255,237,160,100,topographic_map
763,0.1643043495,0.1711245953,0.11149116106828895,255,237,160,100,topographic_map
764,0.1643043495,0.1711245953,0.1149601905513754,255,237,160,100,topographic_map
765,0.1643043495,0.1711245953,0.5882282529102089,255,237,160,100,topographic_map
766,0.1809609268,0.2045167039,0.8910932039798054,255,237,160,100,topographic_map
767,0.1809609268,0.2045167039,0.5343675140866188,255,237,160,100,topographic_map
768,0.1809609268,0.2045167039,0.6339231269561638,255,237,160,100,topographic_map
769,0.4589459315,0.0739094484,0.21102666412840526,255,237,160,100,topographic_map
770,0.4589459315,0.0739094484,0.2176265978746164,255,237,160,100,topographic_map
771,0.4589459315,0.0739094484,0.5472534153777062,255,237,160,100,topographic_map
772,0.4206249959,0.0632713533,0.5372240914157194,255,237,160,100,topographic_map
773,0.4206249959,0.0632713533,0.9382415765671378,255,237,160,100,topographic_map
774,0.4206249959,0.0632713533,0.4918050106498511,255,237,160,100,topographic_map
775,0.429034976,0.1000985528,0.5695193893985071,255,237,160,100,topographic_map
776,0.429034976,0.1000985528,0.7130786954923858,255,237,160,100,topographic_map
777,0.429034976,0.1000985528,0.014568586160016397,255,237,160,100,topographic_map
778,0.4114242369,0.2705985759,0.8363949496254831,255,237,160,100,topographic_map
779,0.4114242369,0.2705985759,0.17612099123291874,255,237,160,100,topographic_map
780,0.4114242369,0.2705985759,0.9592732230132913,255,237,160,100,topographic_map
781,0.4478579685,0.2591850029,0.964196455706748,255,237,160,100,topographic_map
782,0.4478579685,0.2591850029,0.8869760153835307,255,237,160,100,topographic_map
783,0.4478579685,0.2591850029,0.07850275897733998,255,237,160,100,topographic_map
784,0.4390239152,0.2934524718,0.0944368516090728,255,237,160,100,topographic_map
785,0.4390239152,0.2934524718,0.4682661333092502,255,237,160,100,topographic_map
786,0.4390239152,0.2934524718,0.2653843480480918,255,237,160,100,topographic_map
787,0.5936312482,0.0313705877,0.29640694901892606,255,237,160,100,topographic_map
788,0.5936312482,0.0313705877,0.8429827007693711,255,237,160,100,topographic_map
789,0.5936312482,0.0313705877,0.9110619442556149,255,237,160,100,topographic_map
790,0.5710735472,0.0,0.942032830638669,255,237,160,100,topographic_map
791,0.5710735472,0.0,0.7198170361048026,255,237,160,100,topographic_map
792,0.5710735472,0.0,0.911513293084517,255,237,160,100,topographic_map
793,0.5506554852,0.0313921839,0.21572817320260895,255,237,160,100,topographic_map
794,0.5506554852,0.0313921839,0.3816679810994007,255,237,160,100,topographic_map
795,0.5506554852,0.0313921839,0.44346649691811,255,237,160,100,topographic_map
796,0.0194967999,0.3208206777,0.0019581022581701833,255,237,160,100,topographic_map
797,0.0194967999,0.3208206777,0.6067581976068976,255,237,160,100,topographic_map
798,0.0194967999,0.3208206777,0.3691731863447505,255,237,160,100,topographic_map
799,0.0406703538,0.3524350928,0.5833816663780591,255,237,160,100,topographic_map
800,0.0406703538,0.3524350928,0.1178059157130706,255,237,160,100,topographic_map
801,0.0406703538,0.3524350928,0.16076877102933498,255,237,160,100,topographic_map
802,0.0601897409,0.3174877561,0.8205920890432578,255,237,160,100,topographic_map
803,0.0601897409,0.3174877561,0.908571386659243,255,237,160,100,topographic_map
804,0.0601897409,0.3174877561,0.5708399965147585,255,237,160,100,topographic_map
805,0.2069405192,0.3037447377,0.37330088909143067,255,237,160,100,topographic_map
806,0.2069405192,0.3037447377,0.48632755285235907,255,237,160,100,topographic_map
807,0.215093944,0.3006928679,0.35234983688789273,255,237,160,100,topographic_map
808,0.1662640188,0.2948214215,0.1492222963199251,255,237,160,100,topographic_map
809,0.1662640188,0.2948214215,0.3401759519479724,255,237,160,100,topographic_map
810,0.1662640188,0.2948214215,0.28766609160749634,255,237,160,100,topographic_map
811,0.1930831375,0.2683960751,0.6316957539925844,255,237,160,100,topographic_map
812,0.1930831375,0.2683960751,0.44817982501165615,255,237,160,100,topographic_map
813,0.1930831375,0.2683960751,0.6004535112642443,255,237,160,100,topographic_map
814,0.241662579,0.3337591482,0.8243582023180769,255,237,160,100,topographic_map
815,0.241662579,0.3337591482,1.0,255,237,160,100,topographic_map
816,0.241662579,0.3337591482,0.023352835659821627,255,237,160,100,topographic_map
817,0.2766154086,0.3428227505,0.40667476462797925,255,237,160,100,topographic_map
818,0.2766154086,0.3428227505,0.21532250744625336,255,237,160,100,topographic_map
819,0.2766154086,0.3428227505,0.026957301346243,255,237,160,100,topographic_map
820,0.2715570125,0.3073168797,0.9431228792316578,255,237,160,100,topographic_map
821,0.2715570125,0.3073168797,0.8927036031973572,255,237,160,100,topographic_map
822,0.2715570125,0.3073168797,0.4312498359739266,255,237,160,100,topographic_map
823,0.1286649572,0.3921479962,0.7691363811192632,255,237,160,100,topographic_map
824,0.1286649572,0.3921479962,0.4606159752609532,255,237,160,100,topographic_map
825,0.1286649572,0.3921479962,0.1070146985117454,255,237,160,100,topographic_map
826,0.1114803528,0.3602826591,0.2888196371055186,255,237,160,100,topographic_map
827,0.1114803528,0.3602826591,0.8293206504272503,255,237,160,100,topographic_map
828,0.1114803528,0.3602826591,0.22487303424864913,255,237,160,100,topographic_map
829,0.1510456051,0.3606276964,0.7049189296143116,255,237,160,100,topographic_map
830,0.1510456051,0.3606276964,0.6335953551725049,255,237,160,100,topographic_map
831,0.1510456051,0.3606276964,0.04926917272354816,255,237,160,100,topographic_map
832,0.453948451,0.3366144323,0.3520032617857743,255,237,160,100,topographic_map
833,0.453948451,0.3366144323,0.02523523192668648,255,237,160,100,topographic_map
834,0.453948451,0.3366144323,0.5401349417156893,255,237,160,100,topographic_map
835,0.4459186877,0.3689272437,0.9604215774361095,255,237,160,100,topographic_map
836,0.4459186877,0.3689272437,0.09114196921103641,255,237,160,100,topographic_map
837,0.4459186877,0.3689272437,0.36777244340037557,255,237,160,100,topographic_map
838,0.4174985223,0.3477020431,0.6334209135686707,255,237,160,100,topographic_map
839,0.4174985223,0.3477020431,0.33255371887790974,255,237,160,100,topographic_map
840,0.4174985223,0.3477020431,0.6752800688106481,255,237,160,100,topographic_map
841,0.3267408278,0.3812405843,0.22089795132830672,255,237,160,100,topographic_map
842,0.3267408278,0.3812405843,0.6199505110095327,255,237,160,100,topographic_map
843,0.3267408278,0.3812405843,0.3364986602618735,255,237,160,100,topographic_map
844,0.3253876413,0.3483174904,0.6407051016785059,255,237,160,100,topographic_map
845,0.3253876413,0.3483174904,0.31722316204998147,255,237,160,100,topographic_map
846,0.3253876413,0.3483174904,0.47858177193723334,255,237,160,100,topographic_map
847,0.3600619905,0.3629517651,0.9634906097289734,255,237,160,100,topographic_map
848,0.3600619905,0.3629517651,0.5739041027669011,255,237,160,100,topographic_map
849,0.3600619905,0.3629517651,0.547453429130413,255,237,160,100,topographic_map
850,0.4388117599,0.663712043,0.478738935796418,255,237,160,100,topographic_map
851,0.4388117599,0.663712043,0.9571196905133775,255,237,160,100,topographic_map
852,0.4388117599,0.663712043,0.5333065176457451,255,237,160,100,topographic_map
853,0.4714914408,0.6480882359,0.21592720263332363,255,237,160,100,topographic_map
854,0.4714914408,0.6480882359,0.789123963093967,255,237,160,100,topographic_map
855,0.4714914408,0.6480882359,0.2936835307911227,255,237,160,100,topographic_map
856,0.4726871349,0.6808960199,0.3366434691543492,255,237,160,100,topographic_map
857,0.4726871349,0.6808960199,0.8295679313193932,255,237,160,100,topographic_map
858,0.4726871349,0.6808960199,0.6563327135268382,255,237,160,100,topographic_map
859,0.5416423991,0.6134419968,0.6486787618017661,255,237,160,100,topographic_map
860,0.5416423991,0.6134419968,0.2674764616009467,255,237,160,100,topographic_map
861,0.5416423991,0.6134419968,0.17624655648115328,255,237,160,100,topographic_map
862,0.5089093234,0.6249222771,0.7054979512700176,255,237,160,100,topographic_map
863,0.5089093234,0.6249222771,0.059303480841865965,255,237,160,100,topographic_map
864,0.5089093234,0.6249222771,0.06802295129440356,255,237,160,100,topographic_map
865,0.5167363011,0.5912801611,0.4905674586260957,255,237,160,100,topographic_map
866,0.5167363011,0.5912801611,0.8099566481767441,255,237,160,100,topographic_map
867,0.5167363011,0.5912801611,0.5592809731918194,255,237,160,100,topographic_map
868,0.521938844,0.7017838913,0.10899543692146205,255,237,160,100,topographic_map
869,0.521938844,0.7017838913,0.08708267674586931,255,237,160,100,topographic_map
870,0.521938844,0.7017838913,0.06560471654176203,255,237,160,100,topographic_map
871,0.5335194336,0.6705458816,0.018228298452929784,255,237,160,100,topographic_map
872,0.5335194336,0.6705458816,0.3882435247504699,255,237,160,100,topographic_map
873,0.5335194336,0.6705458816,0.3315864176822017,255,237,160,100,topographic_map
874,0.5606438137,0.6961716217,0.8928148462380262,255,237,160,100,topographic_map
875,0.5606438137,0.6961716217,0.05688854920191854,255,237,160,100,topographic_map
876,0.5606438137,0.6961716217,0.7213960926074978,255,237,160,100,topographic_map
877,0.4220735411,0.7146874911,0.20927849410853006,255,237,160,100,topographic_map
878,0.4220735411,0.7146874911,0.8074215852982034,255,237,160,100,topographic_map
879,0.4220735411,0.7146874911,0.2079129899496433,255,237,160,100,topographic_map
880,0.4276418495,0.748642819,0.4300277688785972,255,237,160,100,topographic_map
881,0.4276418495,0.748642819,0.39023903703146806,255,237,160,100,topographic_map
882,0.4276418495,0.748642819,0.24944719935223536,255,237,160,100,topographic_map
883,0.458660455,0.7278477912,0.1045706284143247,255,237,160,100,topographic_map
884,0.458660455,0.7278477912,0.11106145308005885,255,237,160,100,topographic_map
885,0.458660455,0.7278477912,0.060789459747580675,255,237,160,100,topographic_map
886,0.3506199427,0.777213909,0.562665426957504,255,237,160,100,topographic_map
887,0.3506199427,0.777213909,0.9900194421980468,255,237,160,100,topographic_map
888,0.3506199427,0.777213909,0.47866572717358485,255,237,160,100,topographic_map
889,0.3287950189,0.7461994803,0.02594515381886539,255,237,160,100,topographic_map
890,0.3287950189,0.7461994803,0.21189174583846368,255,237,160,100,topographic_map
891,0.3287950189,0.7461994803,0.7871850342977388,255,237,160,100,topographic_map
892,0.3683377963,0.7469287539,0.12874240687204072,255,237,160,100,topographic_map
893,0.3683377963,0.7469287539,0.5866774864665721,255,237,160,100,topographic_map
894,0.3683377963,0.7469287539,0.05328747994553728,255,237,160,100,topographic_map
895,0.349145662,0.6614823574,0.6126383571377317,255,237,160,100,topographic_map
896,0.349145662,0.6614823574,0.015703550223711518,255,237,160,100,topographic_map
897,0.349145662,0.6614823574,0.5825035218669542,255,237,160,100,topographic_map
898,0.3847846295,0.6754139299,0.12927581604562313,255,237,160,100,topographic_map
899,0.3847846295,0.6754139299,0.7146329698772195,255,237,160,100,topographic_map
900,0.3847846295,0.6754139299,0.11904221307441586,255,237,160,100,topographic_map
901,0.3533549371,0.6954901141,0.5929791371403742,255,237,160,100,topographic_map
902,0.3533549371,0.6954901141,0.4618201984856871,255,237,160,100,topographic_map
903,0.3533549371,0.6954901141,0.3896000192659014,255,237,160,100,topographic_map
904,0.70784747,0.8178003656,0.19311074694248717,255,237,160,100,topographic_map
905,0.70784747,0.8178003656,0.2193785125515359,255,237,160,100,topographic_map
906,0.70784747,0.8178003656,0.21162570583667248,255,237,160,100,topographic_map
907,0.6816654044,0.8453812429,0.7843689678457166,255,237,160,100,topographic_map
908,0.6816654044,0.8453812429,0.7359066767381034,255,237,160,100,topographic_map
909,0.6816654044,0.8453812429,0.9524764477928134,255,237,160,100,topographic_map
910,0.6679437836,0.8119414575,0.27303254733815097,255,237,160,100,topographic_map
911,0.6679437836,0.8119414575,0.16159088549809061,255,237,160,100,topographic_map
912,0.6679437836,0.8119414575,0.47805193711234634,255,237,160,100,topographic_map
913,0.6026076869,0.7351436726,0.0648129135006105,255,237,160,100,topographic_map
914,0.6026076869,0.7351436726,0.33934142274963475,255,237,160,100,topographic_map
915,0.6026076869,0.7351436726,0.5148214465960406,255,237,160,100,topographic_map
916,0.5898146641,0.7686353067,0.07185630269808536,255,237,160,100,topographic_map
917,0.5898146641,0.7686353067,0.06327038612893632,255,237,160,100,topographic_map
918,0.5898146641,0.7686353067,0.7050150548076015,255,237,160,100,topographic_map
919,0.6267712632,0.7655980054,0.23224128929505453,255,237,160,100,topographic_map
920,0.6267712632,0.7655980054,0.024393963127014886,255,237,160,100,topographic_map
921,0.6267712632,0.7655980054,0.472489766910858,255,237,160,100,topographic_map
922,0.7707103402,0.8855172133,0.3490222694464661,255,237,160,100,topographic_map
923,0.7707103402,0.8855172133,0.18513162820756082,255,237,160,100,topographic_map
924,0.7707103402,0.8855172133,0.3878649489312488,255,237,160,100,topographic_map
925,0.7876014603,0.8531768935,0.6494256657108105,255,237,160,100,topographic_map
926,0.7876014603,0.8531768935,0.7784586110243991,255,237,160,100,topographic_map
927,0.7876014603,0.8531768935,0.8339798747687015,255,237,160,100,topographic_map
928,0.8130409323,0.8817302024,0.7653955481452699,255,237,160,100,topographic_map
929,0.8130409323,0.8817302024,0.7217231901727851,255,237,160,100,topographic_map
930,0.8130409323,0.8817302024,0.5887076781605651,255,237,160,100,topographic_map
931,0.1971486687,0.8561630153,0.12480485646932045,255,237,160,100,topographic_map
932,0.1971486687,0.8561630153,0.7263434542788445,255,237,160,100,topographic_map
933,0.1971486687,0.8561630153,0.3334120173469336,255,237,160,100,topographic_map
934,0.1748367571,0.8251181779,0.3955992672358118,255,237,160,100,topographic_map
935,0.1748367571,0.8251181779,0.2003392116398046,255,237,160,100,topographic_map
936,0.1748367571,0.8251181779,0.7921038796746617,255,237,160,100,topographic_map
937,0.155856141,0.8580336082,0.8339583492748027,255,237,160,100,topographic_map
938,0.155856141,0.8580336082,0.39444285234052845,255,237,160,100,topographic_map
939,0.155856141,0.8580336082,0.2464253658808492,255,237,160,100,topographic_map
940,0.287578923,0.8924416087,0.15339993848402142,255,237,160,100,topographic_map
941,0.287578923,0.8924416087,0.0007279863245906802,255,237,160,100,topographic_map
942,0.287578923,0.8924416087,0.4114593549107267,255,237,160,100,topographic_map
943,0.2968682819,0.9284727827,0.3049628198009379,255,237,160,100,topographic_map
944,0.2968682819,0.9284727827,0.7145275272421373,255,237,160,100,topographic_map
945,0.2968682819,0.9284727827,0.6457974970986541,255,237,160,100,topographic_map
946,0.257281142,0.9174981169,0.5660714174273037,255,237,160,100,topographic_map
947,0.257281142,0.9174981169,0.6700832918507155,255,237,160,100,topographic_map
948,0.257281142,0.9174981169,0.1472573029055926,255,237,160,100,topographic_map
949,0.1118581896,0.7737888131,0.4724708333262895,255,237,160,100,topographic_map
950,0.1118581896,0.7737888131,0.23942764094518265,255,237,160,100,topographic_map
951,0.1118581896,0.7737888131,0.16206395721527983,255,237,160,100,topographic_map
952,0.0738772684,0.7589712049,0.3815029175858183,255,237,160,100,topographic_map
953,0.0738772684,0.7589712049,0.5051054636126863,255,237,160,100,topographic_map
954,0.0738772684,0.7589712049,0.2664051459426727,255,237,160,100,topographic_map
955,0.1077559541,0.7373603179,0.814459874779747,255,237,160,100,topographic_map
956,0.1077559541,0.7373603179,0.30376781762458255,255,237,160,100,topographic_map
957,0.1077559541,0.7373603179,0.8956550963787997,255,237,160,100,topographic_map
958,0.2887481383,0.6546049137,0.08448619537981034,255,237,160,100,topographic_map
959,0.2887481383,0.6546049137,0.048980049941969105,255,237,160,100,topographic_map
960,0.2887481383,0.6546049137,0.7097598633128033,255,237,160,100,topographic_map
961,0.2899510596,0.6910471519,0.2646560604511448,255,237,160,100,topographic_map
962,0.2899510596,0.6910471519,0.2842449552988291,255,237,160,100,topographic_map
963,0.2899510596,0.6910471519,0.589437557771836,255,237,160,100,topographic_map
964,0.256364734,0.673206242,0.5046593216429867,255,237,160,100,topographic_map
965,0.256364734,0.673206242,0.09720941095357905,255,237,160,100,topographic_map
966,0.256364734,0.673206242,0.01283746777854592,255,237,160,100,topographic_map
967,0.005010573,0.5859828771,0.7814898160086466,255,237,160,100,topographic_map
968,0.005010573,0.5859828771,0.049363080224924596,255,237,160,100,topographic_map
969,0.005010573,0.5859828771,0.7324270449352939,255,237,160,100,topographic_map
970,0.0378175134,0.5635184993,0.6765773646078508,255,237,160,100,topographic_map
971,0.0378175134,0.5635184993,0.2528438926250226,255,237,160,100,topographic_map
972,0.0378175134,0.5635184993,0.44492657531848123,255,237,160,100,topographic_map
973,0.0,0.5487668008,0.09252623835896777,255,237,160,100,topographic_map
974,0.0,0.5487668008,0.07519950899460626,255,237,160,100,topographic_map
975,0.0,0.5487668008,0.9541660878221248,255,237,160,100,topographic_map
976,0.0547893379,0.6640113223,0.7565057589119614,255,237,160,100,topographic_map
977,0.0547893379,0.6640113223,0.08004534410894051,255,237,160,100,topographic_map
978,0.0547893379,0.6640113223,0.8472708959522465,255,237,160,100,topographic_map
979,0.0958599158,0.6680534272,0.13708857801543925,255,237,160,100,topographic_map
980,0.0958599158,0.6680534272,0.8267369583851856,255,237,160,100,topographic_map
981,0.0958599158,0.6680534272,0.9817207559982835,255,237,160,100,topographic_map
982,0.0801018066,0.6346396443,0.7613581154511698,255,237,160,100,topographic_map
983,0.0801018066,0.6346396443,0.790308247926701,255,237,160,100,topographic_map
984,0.0801018066,0.6346396443,0.013710344617033845,255,237,160,100,topographic_map
985,0.1719039618,0.665014185,0.9411915438059605,255,237,160,100,topographic_map
986,0.1719039618,0.665014185,0.49084394655546426,255,237,160,100,topographic_map
987,0.1719039618,0.665014185,0.817087502769678,255,237,160,100,topographic_map
988,0.2054162541,0.6454227777,0.4241382305658379,255,237,160,100,topographic_map
989,0.2054162541,0.6454227777,0.9823234049592751,255,237,160,100,topographic_map
990,0.2054162541,0.6454227777,0.08848435825438948,255,237,160,100,topographic_map
991,0.1700433116,0.629416653,0.060107457510679405,255,237,160,100,topographic_map
992,0.1700433116,0.629416653,0.757547599586462,255,237,160,100,topographic_map
993,0.1700433116,0.629416653,0.7284166409114516,255,237,160,100,topographic_map
994,0.2940486727,0.8125565924,0.8483831818600986,255,237,160,100,topographic_map
995,0.2940486727,0.8125565924,0.28522942284347713,255,237,160,100,topographic_map
996,0.2940486727,0.8125565924,0.3250769224813398,255,237,160,100,topographic_map
997,0.2767054578,0.7792796487,0.6227554332741774,255,237,160,100,topographic_map
998,0.2767054578,0.7792796487,0.2908624597517346,255,237,160,100,topographic_map
999,0.2767054578,0.7792796487,0.43039377929048594,255,237,160,100,topographic_map
1000,0.2542757876,0.8089291659,0.3349205003435454,255,237,160,100,topographic_map
1001,0.2542757876,0.8089291659,0.5926294313487902,255,237,160,100,topographic_map
1002,0.2542757876,0.8089291659,0.5967549575668224,255,237,160,100,topographic_map
1003,0.1934598999,0.7195453882,0.07089841361361586,255,237,160,100,topographic_map
1004,0.1934598999,0.7195453882,0.24582959776366484,255,237,160,100,topographic_map
1005,0.1934598999,0.7195453882,0.5662941624339798,255,237,160,100,topographic_map
1006,0.2023215252,0.7542213334,0.9055059699769884,255,237,160,100,topographic_map
1007,0.2023215252,0.7542213334,0.5730090010684578,255,237,160,100,topographic_map
1008,0.2023215252,0.7542213334,0.12044502459897387,255,237,160,100,topographic_map
1009,0.2324027784,0.7297860731,0.59118955160328,255,237,160,100,topographic_map
1010,0.2324027784,0.7297860731,0.32682027347041176,255,237,160,100,topographic_map
1011,0.2324027784,0.7297860731,0.7846499806707871,255,237,160,100,topographic_map
1012,0.5245267589,0.7801102772,0.582151641866628,255,237,160,100,topographic_map
1013,0.5245267589,0.7801102772,0.8929516453343648,255,237,160,100,topographic_map
1014,0.5245267589,0.7801102772,0.5141428278418894,255,237,160,100,topographic_map
1015,0.5024745382,0.7517225541,0.3422522378850638,255,237,160,100,topographic_map
1016,0.5024745382,0.7517225541,0.859948741226463,255,237,160,100,topographic_map
1017,0.5024745382,0.7517225541,0.3800983267294602,255,237,160,100,topographic_map
1018,0.540420964,0.7483349615,0.03919655322957686,255,237,160,100,topographic_map
1019,0.540420964,0.7483349615,0.7260197611717718,255,237,160,100,topographic_map
1020,0.540420964,0.7483349615,0.7483042735931902,255,237,160,100,topographic_map
1021,0.430429864,0.8006572386,0.764180209875073,255,237,160,100,topographic_map
1022,0.430429864,0.8006572386,0.38682708292242557,255,237,160,100,topographic_map
1023,0.430429864,0.8006572386,0.5683271840992873,255,237,160,100,topographic_map
1024,0.4701729534,0.80104954,0.2273401172606442,255,237,160,100,topographic_map
1025,0.4701729534,0.80104954,0.20591437910907437,255,237,160,100,topographic_map
1026,0.4701729534,0.80104954,0.4879968802478192,255,237,160,100,topographic_map
1027,0.4511326772,0.8311294865,0.3429830078768762,255,237,160,100,topographic_map
1028,0.4511326772,0.8311294865,0.6094202352004886,255,237,160,100,topographic_map
1029,0.4511326772,0.8311294865,0.8323975807193023,255,237,160,100,topographic_map
1030,0.5721171334,0.8540229606,0.3517570982221802,255,237,160,100,topographic_map
1031,0.5721171334,0.8540229606,0.45366891709278134,255,237,160,100,topographic_map
1032,0.5721171334,0.8540229606,0.6191212679707391,255,237,160,100,topographic_map
1033,0.5903139136,0.8230471507,0.7515498005797304,255,237,160,100,topographic_map
1034,0.5903139136,0.8230471507,0.23657273576779328,255,237,160,100,topographic_map
1035,0.5903139136,0.8230471507,0.49429624756505014,255,237,160,100,topographic_map
1036,0.5493540732,0.825068047,0.18047327184500717,255,237,160,100,topographic_map
1037,0.5493540732,0.825068047,0.06709630163322941,255,237,160,100,topographic_map
1038,0.5493540732,0.825068047,0.03313542705296522,255,237,160,100,topographic_map
1039,0.4676569917,0.8961218433,0.5424032830131937,255,237,160,100,topographic_map
1040,0.4676569917,0.8961218433,0.8342448247731812,255,237,160,100,topographic_map
1041,0.4676569917,0.8961218433,0.45388129298538366,255,237,160,100,topographic_map
1042,0.4982212661,0.8719221557,0.47116061559833045,255,237,160,100,topographic_map
1043,0.4982212661,0.8719221557,0.28363318750683997,255,237,160,100,topographic_map
1044,0.4982212661,0.8719221557,0.358585888775122,255,237,160,100,topographic_map
1045,0.5064946732,0.906844717,0.6815767215984457,255,237,160,100,topographic_map
1046,0.5064946732,0.906844717,0.8119250924852548,255,237,160,100,topographic_map
1047,0.5064946732,0.906844717,0.8185572073430207,255,237,160,100,topographic_map
1048,0.3839144829,0.972411158,0.5628425372928963,255,237,160,100,topographic_map
1049,0.3839144829,0.972411158,0.0757467207731297,255,237,160,100,topographic_map
1050,0.3839144829,0.972411158,0.6732116153753909,255,237,160,100,topographic_map
1051,0.4248547969,0.9659114137,0.8234444525736715,255,237,160,100,topographic_map
1052,0.4248547969,0.9659114137,0.39754943964365186,255,237,160,100,topographic_map
1053,0.4248547969,0.9659114137,0.45324316080310706,255,237,160,100,topographic_map
1054,0.3979497642,0.9376944077,0.3763636993375238,255,237,160,100,topographic_map
1055,0.3979497642,0.9376944077,0.6606455101727294,255,237,160,100,topographic_map
1056,0.3979497642,0.9376944077,0.28443029906990136,255,237,160,100,topographic_map
1057,0.3744324577,0.8328311472,0.17931731541299595,255,237,160,100,topographic_map
1058,0.3744324577,0.8328311472,0.01952295279205435,255,237,160,100,topographic_map
1059,0.3744324577,0.8328311472,0.530859563816743,255,237,160,100,topographic_map
1060,0.3510891905,0.861614005,0.5244175335642858,255,237,160,100,topographic_map
1061,0.3510891905,0.861614005,0.6754639649363194,255,237,160,100,topographic_map
1062,0.3510891905,0.861614005,0.4461696980912228,255,237,160,100,topographic_map
1063,0.3910353653,0.8662959868,0.35653643811578223,255,237,160,100,topographic_map
1064,0.3910353653,0.8662959868,0.45007682111851727,255,237,160,100,topographic_map
1065,0.3910353653,0.8662959868,0.6829935426416116,255,237,160,100,topographic_map
1066,0.7412393927,0.9606820082,0.3230523168218818,255,237,160,100,topographic_map
1067,0.7412393927,0.9606820082,0.10743147913786576,255,237,160,100,topographic_map
1068,0.7412393927,0.9606820082,0.06261286027017651,255,237,160,100,topographic_map
1069,0.70158624,0.9727771334,0.3903565242963078,255,237,160,100,topographic_map
1070,0.70158624,0.9727771334,0.228240971396194,255,237,160,100,topographic_map
1071,0.70158624,0.9727771334,0.021224060334916015,255,237,160,100,topographic_map
1072,0.7101595405,0.9361686178,0.2091063059834089,255,237,160,100,topographic_map
1073,0.7101595405,0.9361686178,0.8613529811873317,255,237,160,100,topographic_map
1074,0.7101595405,0.9361686178,0.16018424087079336,255,237,160,100,topographic_map
1075,0.5666997664,0.991547316,0.7329635911415507,255,237,160,100,topographic_map
1076,0.5666997664,0.991547316,0.22699654725266347,255,237,160,100,topographic_map
1077,0.5666997664,0.991547316,0.9496117178329092,255,237,160,100,topographic_map
1078,0.537818519,0.9648834521,0.6775327160097911,255,237,160,100,topographic_map
1079,0.537818519,0.9648834521,0.9509444365987766,255,237,160,100,topographic_map
1080,0.537818519,0.9648834521,0.752130581734202,255,237,160,100,topographic_map
1081,0.5258151164,1.0,0.7131961152340578,255,237,160,100,topographic_map
1082,0.5258151164,1.0,0.14228734007794724,255,237,160,100,topographic_map
1083,0.5258151164,1.0,0.7389582664364784,255,237,160,100,topographic_map
1084,0.5979988091,0.9073335766,0.11963153016889336,255,237,160,100,topographic_map
1085,0.5979988091,0.9073335766,0.7365611334051149,255,237,160,100,topographic_map
1086,0.5979988091,0.9073335766,0.7821389605425566,255,237,160,100,topographic_map
1087,0.636292029,0.8938652628,0.545426677158928,255,237,160,100,topographic_map
1088,0.636292029,0.8938652628,0.2099032086942465,255,237,160,100,topographic_map
1089,0.636292029,0.8938652628,0.09116451501594539,255,237,160,100,topographic_map
1090,0.6290879811,0.9300862514,0.5281091154893689,255,237,160,100,topographic_map
1091,0.6290879811,0.9300862514,0.3133027444112938,255,237,160,100,topographic_map
1092,0.6290879811,0.9300862514,0.8776911574118206,255,237,160,100,topographic_map
