0,0.935492802,0.5234218355,0.9499204833905229,132,0,38,100,Topographicglobal
1,0.9729668171,0.5094454784,0.8022630689176806,138,0,38,100,Topographicglobal
2,0.8917168588,0.5308768761,0.6703415153265665,141,0,38,100,Topographicglobal
3,0.6743309184,0.9055718665,0.8125210017216705,255,254,201,100,Topographicglobal
4,0.9424806356,0.5226039159,0.7558174154046049,176,0,38,100,Topographicglobal
5,0.8574823626,0.7589113219,0.034207926843917914,170,0,38,100,Topographicglobal
6,0.8875194678,0.5339728857,0.625775710200085,255,254,201,100,Topographicglobal
7,0.4063001539,0.5590144936,0.2570455014151279,147,0,38,100,Topographicglobal
8,0.9178367162,0.6773144636,0.02855756054408836,255,252,197,100,Topographicglobal
9,0.9103798073,0.6517519729,0.06453022976773012,254,221,127,100,Topographicglobal
10,0.7372076456,0.0874445185,0.5505742279297329,166,0,38,100,Topographicglobal
11,0.938114763,0.5363300733,0.3114544554684686,255,254,201,100,Topographicglobal
12,0.8000798678,0.2397030355,0.2132738328732255,255,254,201,100,Topographicglobal
13,0.989683537,0.3308350317,0.42889542284512583,254,221,127,100,Topographicglobal
14,0.7484379548,0.8759982861,0.39686600027186714,255,254,201,100,Topographicglobal
15,0.7972025368,0.24207629,0.18864902630565644,217,19,31,100,Topographicglobal
16,0.9730594517,0.4643549679,0.7975469713994522,255,254,201,100,Topographicglobal
17,0.8911193172,0.5380273252,0.8511782369019915,232,36,31,100,Topographicglobal
18,0.5312733062,0.6710163863,0.20790814418088982,255,254,201,100,Topographicglobal
19,0.9703469394,0.5061919961,0.7736239211402368,254,224,133,100,Topographicglobal
20,0.8565164702,0.7584982295,0.8267145755658568,255,254,201,100,Topographicglobal
21,0.5720769511,0.102280251,0.38013049428551127,255,254,201,100,Topographicglobal
22,0.5705000976,0.9021022726,0.5063007270481783,255,254,201,100,Topographicglobal
23,0.8493856398,0.7849917765,0.3155960989171291,189,0,38,100,Topographicglobal
24,0.9157895895,0.6486104733,0.7819629734415895,255,254,201,100,Topographicglobal
25,0.4063001539,0.5590144936,0.17438389420570088,161,0,38,100,Topographicglobal
26,0.7036663115,0.7959679755,0.7331707813552595,255,254,201,100,Topographicglobal
27,0.9472508991,0.5121818271,0.12413585987554335,252,81,43,100,Topographicglobal
28,0.7372076456,0.0874445185,0.20759022749470757,240,53,35,100,Topographicglobal
29,0.9113998638,0.7497028282,0.8022223074130604,253,159,68,100,Topographicglobal
30,0.4286665754,0.4857907922,0.5290491295696911,151,0,38,100,Topographicglobal
31,0.2001807971,0.3221528897,0.9617898824151833,255,252,197,100,Topographicglobal
32,0.8703980273,0.5732247746,0.5338314625060098,255,240,167,100,Topographicglobal
33,0.8913145164,0.6246952685,0.6376166514229947,255,254,201,100,Topographicglobal
34,0.6593412837,0.5629563186,0.9874027434641165,255,254,201,100,Topographicglobal
35,0.9909000427,0.4250015383,0.06996729387794069,255,254,201,100,Topographicglobal
36,0.7084652543,0.793949676,0.6268088811204343,254,209,110,100,Topographicglobal
37,0.7372076456,0.0874445185,0.29969533637385803,254,203,103,100,Topographicglobal
38,0.4286665754,0.4857907922,0.9265504998875033,255,228,140,100,Topographicglobal
39,0.9618640019,0.4965141888,0.0853746693894433,255,254,201,100,Topographicglobal
40,0.7370290255,0.0537244249,0.9795696500950984,255,254,201,100,Topographicglobal
41,0.8030577149,0.2873230264,0.07292874990801979,157,0,38,100,Topographicglobal
42,0.9008588627,0.4287496911,0.5249218571084281,255,254,201,100,Topographicglobal
43,0.9635688876,0.4937383554,0.4414025541189102,180,0,38,100,Topographicglobal
44,0.4286665754,0.4857907922,0.16489740657234184,185,0,38,100,Topographicglobal
45,0.8818696968,0.6988856887,0.9294319274019593,254,185,83,100,Topographicglobal
46,0.5695971319,0.3448885944,0.6868243055232021,255,254,201,100,Topographicglobal
47,0.9077923933,0.7315496347,0.9302472002528288,254,191,90,100,Topographicglobal
48,0.8027525556,0.6603070133,0.18238798439424425,255,254,201,100,Topographicglobal
49,0.8474559729,0.8095503907,0.6420487046098374,255,254,201,100,Topographicglobal
50,0.9073706421,0.5678540624,0.8406781955767453,254,201,101,100,Topographicglobal
51,0.6663095349,0.6217286098,0.09326771922440824,255,254,201,100,Topographicglobal
52,0.6619764342,0.4258017936,0.373911604835841,255,254,201,100,Topographicglobal
53,0.8280090679,0.6018744423,0.23332578778751006,253,116,53,100,Topographicglobal
54,0.6836476624,0.4277379048,0.7199515051862929,255,254,201,100,Topographicglobal
55,0.9871657378,0.4195601976,0.7951739098130626,255,254,201,100,Topographicglobal
56,0.5218629381,0.8729933634,0.48583186126193956,255,254,201,100,Topographicglobal
57,0.4286665754,0.4857907922,0.08190316452233007,252,87,44,100,Topographicglobal
58,0.7372076456,0.0874445185,0.6787825626321125,255,254,201,100,Topographicglobal
59,0.9676899453,0.5134183056,0.218846459289343,254,209,110,100,Topographicglobal
60,0.8261721224,0.7148451156,0.016724455803753546,255,254,201,100,Topographicglobal
61,0.8493309548,0.786787051,0.9976745623537634,199,7,35,100,Topographicglobal
62,0.2740496763,0.0921322638,0.8032086240505966,255,254,201,100,Topographicglobal
63,0.931907136,0.4906528593,0.023001191295936738,248,69,40,100,Topographicglobal
64,0.9061926068,0.4229561969,0.07173587549755464,255,254,201,100,Topographicglobal
65,0.8755893649,0.6769332908,0.07145470778020127,255,254,201,100,Topographicglobal
66,0.8580764668,0.8061998072,0.32804507106564984,255,254,201,100,Topographicglobal
67,0.8767603866,0.6949133078,0.7883340932652612,255,254,201,100,Topographicglobal
68,0.6331075123,0.8848690287,0.30271625427548315,255,254,201,100,Topographicglobal
69,0.8993918478,0.5602576063,0.27046777012703527,255,254,201,100,Topographicglobal
70,0.8768859016,0.5739954833,0.9992300771402167,255,254,201,100,Topographicglobal
71,0.882544509,0.2206350833,0.7493310605296861,254,195,94,100,Topographicglobal
72,0.8474729339,0.5294809301,0.7768663602447985,255,254,201,100,Topographicglobal
73,0.7499258021,0.4881368936,0.29443467720236827,255,235,156,100,Topographicglobal
74,0.8383096115,0.5773483409,0.3747666740215118,253,156,66,100,Topographicglobal
75,0.9482456444,0.5051896099,0.34413204251701485,255,254,201,100,Topographicglobal
76,0.9782017811,0.5034567312,0.32480506270426074,255,254,201,100,Topographicglobal
77,0.9703215586,0.5061765894,0.04284404671886815,255,254,201,100,Topographicglobal
78,0.4286665754,0.4857907922,0.2271967737340194,211,15,32,100,Topographicglobal
79,0.4286665754,0.4857907922,0.019640631304695143,195,4,36,100,Topographicglobal
80,0.5477506666,0.8136724822,0.15848463049743766,255,254,201,100,Topographicglobal
81,0.8034031849,0.2875417175,0.6543435006061565,254,226,136,100,Topographicglobal
82,0.9677674764,0.3519717747,0.37469187541818333,253,150,64,100,Topographicglobal
83,0.8959172183,0.6284961373,0.4529981280616112,255,252,197,100,Topographicglobal
84,0.8317663752,0.3458796339,0.8404141149047669,255,229,143,100,Topographicglobal
85,0.4286665754,0.4857907922,0.2636989220144325,201,8,35,100,Topographicglobal
86,0.7360500173,0.7029658578,0.36453997585492476,255,254,201,100,Topographicglobal
87,0.5166229482,0.8899238244,0.719477375021863,255,254,201,100,Topographicglobal
88,0.7985255653,0.6684745035,0.5133673897286561,255,254,201,100,Topographicglobal
89,0.686171338,0.0416444216,0.7619811823274208,255,254,201,100,Topographicglobal
90,0.8667340489,0.6376017204,0.46693214765205376,255,254,201,100,Topographicglobal
91,0.7976454849,0.7642412159,0.35497767740090874,255,254,201,100,Topographicglobal
92,0.6408438136,0.5224006521,0.04692369613431141,244,61,37,100,Topographicglobal
93,0.4286665754,0.4857907922,0.06742508409763048,254,176,75,100,Topographicglobal
94,1.0,0.5241674984,0.7900207520509405,255,254,201,100,Topographicglobal
95,0.7161315458,0.3404710862,0.458622050400846,255,252,197,100,Topographicglobal
96,0.9686615319,0.3684801294,0.3304066565660471,255,237,160,100,Topographicglobal
97,0.4063001539,0.5590144936,0.5416077729925366,213,16,32,100,Topographicglobal
98,0.4063001539,0.5590144936,0.27164163214525916,255,248,187,100,Topographicglobal
99,0.7985592096,0.2499343399,0.8315229231903755,255,254,201,100,Topographicglobal
100,0.3636422835,0.7281210402,0.5161744508431017,255,254,201,100,Topographicglobal
101,0.9043838371,0.6608363477,0.316410813557448,255,254,201,100,Topographicglobal
102,0.6376068943,0.5192585768,0.5385059229845421,255,254,201,100,Topographicglobal
103,0.4063001539,0.5590144936,0.8717586998642668,255,232,149,100,Topographicglobal
104,0.2834982979,0.662798619,0.6302729441796954,255,254,201,100,Topographicglobal
105,0.7012698435,0.7666954476,0.9211682281622985,193,3,37,100,Topographicglobal
106,0.9367846514,0.6244520404,0.2848518081904178,255,254,201,100,Topographicglobal
107,0.5795342637,0.8594431808,0.2986171075589568,255,254,201,100,Topographicglobal
108,0.2917304137,0.6527295656,0.9894723493963495,255,254,201,100,Topographicglobal
109,0.4755563577,0.3970537883,0.8254471090432262,255,252,197,100,Topographicglobal
110,0.8104547309,0.1312624706,0.2878627874482968,255,254,201,100,Topographicglobal
111,0.4063001539,0.5590144936,0.815744568043736,241,56,36,100,Topographicglobal
112,0.9703781532,0.5061755512,0.1303178089206029,255,241,169,100,Topographicglobal
113,0.9899874811,0.3660265569,0.2435069144239677,255,254,201,100,Topographicglobal
114,0.4891370694,0.419224144,0.07636880320596962,255,251,194,100,Topographicglobal
115,0.5906837341,0.8551975967,0.04591477970838946,255,254,201,100,Topographicglobal
116,0.9048233652,0.5669889709,0.6094088068557734,255,254,201,100,Topographicglobal
117,0.4063001539,0.5590144936,0.2729541328433612,237,48,34,100,Topographicglobal
118,0.1213069085,0.4927810873,0.7523402915929492,255,254,201,100,Topographicglobal
119,0.8272268996,0.4195315491,0.7006644904270095,254,222,130,100,Topographicglobal
120,0.9552262561,0.6737023109,0.11257246412457923,255,254,201,100,Topographicglobal
121,0.831736012,0.3456215912,0.5548821042579942,255,254,201,100,Topographicglobal
122,0.8177665251,0.8789002487,0.9594826493469333,255,254,201,100,Topographicglobal
123,0.5688784111,0.8340709552,0.7586202428440485,255,252,197,100,Topographicglobal
124,0.3560177435,0.7190624714,0.03153364164532802,255,254,201,100,Topographicglobal
125,0.7808394462,0.7505898531,0.6227708215452707,255,254,201,100,Topographicglobal
126,0.9687347924,0.3684584102,0.06025497885178992,255,254,201,100,Topographicglobal
127,0.585970758,0.0563913659,0.1646403649229064,255,248,187,100,Topographicglobal
128,0.4286665754,0.4857907922,0.6488081087498092,245,64,38,100,Topographicglobal
129,0.6375091819,0.7641832103,0.34976284792758,255,254,201,100,Topographicglobal
130,0.9733990886,0.5315608853,0.8717757461646304,254,185,83,100,Topographicglobal
131,0.5304951003,0.8985930304,0.002703331805458531,255,254,201,100,Topographicglobal
132,0.9333935597,0.6249130204,0.9477777228860799,255,252,197,100,Topographicglobal
133,0.4286665754,0.4857907922,0.7654005355539241,254,224,133,100,Topographicglobal
134,0.8803069746,0.2375274452,0.8822762569964178,255,252,197,100,Topographicglobal
135,0.6876627875,0.5707462654,0.8143794710933575,219,20,30,100,Topographicglobal
136,0.6830566049,0.5655759528,0.11951425924961526,255,254,201,100,Topographicglobal
137,0.649690905,0.956724895,0.13985014454556072,255,254,201,100,Topographicglobal
138,0.771856671,0.2779956541,0.7379540637361349,255,254,201,100,Topographicglobal
139,0.6151963668,0.9694856077,0.007475304963233684,255,254,201,100,Topographicglobal
140,0.9079036381,0.1671326288,0.19758341673125554,255,254,201,100,Topographicglobal
141,0.7969502743,0.4166209021,0.3510065772930875,255,254,201,100,Topographicglobal
142,0.8423720782,0.18127203,0.9860094612351893,255,254,201,100,Topographicglobal
143,0.8908849184,0.6319243034,0.4559966198892592,255,254,201,100,Topographicglobal
144,0.736082837,0.7029523946,0.1805029882946226,255,254,201,100,Topographicglobal
145,0.8033249768,0.6483194399,0.33298264803549865,255,254,201,100,Topographicglobal
146,0.0154069199,0.5439827223,0.05320466551801767,255,254,201,100,Topographicglobal
147,0.4286665754,0.4857907922,0.653246819771173,236,44,33,100,Topographicglobal
148,0.6542051128,0.9096367763,0.6723531106502764,255,254,201,100,Topographicglobal
149,0.8451581982,0.5872884883,0.8020475038455931,255,254,201,100,Topographicglobal
150,0.307015256,0.0917016379,0.8150683689827907,253,153,65,100,Topographicglobal
151,0.8827020711,0.2495313491,0.17234498767342826,255,228,140,100,Topographicglobal
152,0.6729246993,0.586126291,0.6698176181456775,255,254,201,100,Topographicglobal
153,0.7532535634,0.2244321784,0.6444577493832405,255,254,201,100,Topographicglobal
154,0.8480943112,0.4708169853,0.6332478922199102,255,254,201,100,Topographicglobal
155,0.329702409,0.2300961651,0.762925915375762,255,254,201,100,Topographicglobal
156,0.8225163381,0.6025437812,0.905949420922241,255,254,201,100,Topographicglobal
157,0.8415928437,0.8376328968,0.9592201656998621,255,252,197,100,Topographicglobal
158,0.7340184802,0.1271503324,0.8989506600787647,255,254,201,100,Topographicglobal
159,0.5383262757,0.8797014845,0.5229110206771173,255,254,201,100,Topographicglobal
160,0.6092079863,0.1431010584,0.956731349865397,255,254,201,100,Topographicglobal
161,0.7539417952,0.2816266092,0.39848757478538893,255,254,201,100,Topographicglobal
162,0.1213399277,0.4927837157,0.8226543404096672,255,254,201,100,Topographicglobal
163,0.4588602792,0.8343296076,1.0,255,248,187,100,Topographicglobal
164,0.2586106746,0.0793944897,0.5747302991535794,255,254,201,100,Topographicglobal
165,0.3510402674,0.5342642054,0.8233147016162423,252,106,50,100,Topographicglobal
166,0.7346943254,0.5001881578,0.6185185541749594,255,248,187,100,Topographicglobal
167,0.6232333008,0.004161476,0.9478743640596502,255,254,201,100,Topographicglobal
168,0.9879634784,0.4191765695,0.6150725737720625,255,240,167,100,Topographicglobal
169,0.8355101588,0.5247979472,0.16884956080289457,255,254,201,100,Topographicglobal
170,0.214893548,0.3364450995,0.0,255,254,201,100,Topographicglobal
171,0.9517998535,0.389450716,0.7533475006627356,255,252,197,100,Topographicglobal
172,0.3249816918,0.7140722728,0.1566959832896732,255,252,197,100,Topographicglobal
173,0.885365801,0.5242300223,0.5666244817869545,233,39,32,100,Topographicglobal
174,0.7100546072,0.0876931518,0.11945179311414,255,254,201,100,Topographicglobal
175,0.5785213856,0.9706985846,0.9746938734742671,255,254,201,100,Topographicglobal
176,0.8488280964,0.8142922526,0.009455198711674629,255,254,201,100,Topographicglobal
177,0.9818252232,0.5002575246,0.8711977069631104,255,254,201,100,Topographicglobal
178,0.6638757032,0.0715465578,0.10793004358631271,255,252,197,100,Topographicglobal
179,0.3510402674,0.5342642054,0.13768848103672507,253,144,61,100,Topographicglobal
180,0.3510402674,0.5342642054,0.24468350463468716,254,173,74,100,Topographicglobal
181,0.6874245087,0.1039235243,0.2236905954192142,255,254,201,100,Topographicglobal
182,0.8685878166,0.6195866363,0.5755939697719638,255,254,201,100,Topographicglobal
183,0.4673446923,0.7625118405,0.7469621238221864,255,252,197,100,Topographicglobal
184,0.9192366162,0.678919885,0.22137628786582808,255,254,201,100,Topographicglobal
185,0.3681929045,0.2838948933,0.015406055739004334,255,254,201,100,Topographicglobal
186,0.6818839774,0.1192319368,0.8225897647897567,255,254,201,100,Topographicglobal
187,0.9020792571,0.5118288194,0.28845528180714336,253,126,56,100,Topographicglobal
188,0.8668357456,0.6690704455,0.797625080529375,255,254,201,100,Topographicglobal
189,0.8911148383,0.62476139,0.6117502739691215,255,252,197,100,Topographicglobal
190,0.6644453641,0.0524999787,0.4103120524468825,255,254,201,100,Topographicglobal
191,0.6842474001,0.154680104,0.13374469793061436,255,238,163,100,Topographicglobal
192,0.6893197415,0.1403652358,0.548415022444692,255,254,201,100,Topographicglobal
193,0.4576598491,0.5991503773,0.3933960012089692,255,248,187,100,Topographicglobal
194,0.8680864858,0.6781463831,0.5037093056745457,255,252,197,100,Topographicglobal
195,0.6968436785,0.1486543731,0.8756725586652213,255,254,201,100,Topographicglobal
196,0.6779824233,0.1382779227,0.8542778517950923,255,254,201,100,Topographicglobal
197,0.6698461841,0.5581273246,0.3235708519764518,255,254,201,100,Topographicglobal
198,0.2898282802,0.1422834426,0.42505496145877386,255,254,201,100,Topographicglobal
199,0.6324774874,0.848581922,0.8813221994047109,255,254,201,100,Topographicglobal
200,0.6677564379,0.1486088914,0.960013822783518,255,254,201,100,Topographicglobal
201,0.2188903407,0.8040226843,0.2870139522298666,255,254,201,100,Topographicglobal
202,0.896169394,0.6068031828,0.26860223772587777,255,254,201,100,Topographicglobal
203,0.1557704738,0.6553570726,0.9646700902409113,255,254,201,100,Topographicglobal
204,0.5130716556,0.9420440969,0.5237217186522438,255,254,201,100,Topographicglobal
205,0.5415479309,0.2235202704,0.13707112017987824,255,254,201,100,Topographicglobal
206,0.2842641302,0.0979852302,0.6959325219746176,255,254,201,100,Topographicglobal
207,0.6790190243,0.1682963669,0.7584368131554511,255,252,197,100,Topographicglobal
208,0.679519244,0.4304365593,0.27568745475075385,255,254,201,100,Topographicglobal
209,0.2793840107,0.1007748399,0.6142444145583312,255,254,201,100,Topographicglobal
210,0.7331881457,0.501448081,0.5234758671765686,255,254,201,100,Topographicglobal
211,0.7523995755,0.5440337821,0.2636847419911241,255,248,187,100,Topographicglobal
212,0.6769746405,0.1839326101,0.8209419237721146,255,254,201,100,Topographicglobal
213,0.6624265911,0.1628260069,0.7099879953619546,255,252,197,100,Topographicglobal
214,0.8390250642,0.8191334492,0.6075416644048321,255,254,201,100,Topographicglobal
215,0.5846117698,0.8690705015,0.9891240469245605,255,237,160,100,Topographicglobal
216,0.8176003523,0.8802055403,0.396738867817222,255,254,201,100,Topographicglobal
217,0.4576598491,0.5991503773,0.3418456764411658,254,195,94,100,Topographicglobal
218,0.7248394988,0.1584306298,0.2300483963930832,255,254,201,100,Topographicglobal
219,0.2223099728,0.7020557461,0.4410696289325963,255,252,197,100,Topographicglobal
220,0.7137724198,0.1828976379,0.5577974184926509,255,254,201,100,Topographicglobal
221,0.4725758197,0.5506511602,0.04832630963194036,255,244,176,100,Topographicglobal
222,0.987702067,0.4203519581,0.4476087615620024,255,254,201,100,Topographicglobal
223,0.5665727613,0.8705031748,0.7361914632728019,255,254,201,100,Topographicglobal
224,0.6575723602,0.5751521437,0.6648963226283398,255,254,201,100,Topographicglobal
225,0.6596133587,0.5655259435,0.45224722135421475,255,254,201,100,Topographicglobal
226,0.2341229284,0.3575846769,0.8768217008892304,248,69,40,100,Topographicglobal
227,0.8620428963,0.1184067078,0.9285336698080373,255,252,197,100,Topographicglobal
228,0.4725758197,0.5506511602,0.7880634458734554,255,252,197,100,Topographicglobal
229,0.9704326993,0.3850054161,0.6716886110667564,255,254,201,100,Topographicglobal
230,0.2428882485,0.8229506815,0.899468504261335,255,254,201,100,Topographicglobal
231,0.5786793969,0.8779133949,0.7984021677207421,255,254,201,100,Topographicglobal
232,0.9074199801,0.7267002976,0.18210136971159332,255,254,201,100,Topographicglobal
233,0.2792950912,0.0881711709,0.3032306937513448,255,254,201,100,Topographicglobal
234,0.5743560266,0.377579846,0.3485017641640326,255,254,201,100,Topographicglobal
235,0.7524319698,0.5439921132,0.19450373540458835,255,254,201,100,Topographicglobal
236,0.7555219298,0.1626188016,0.13760618281900372,255,254,201,100,Topographicglobal
237,0.5781129932,0.8614787832,0.6776925293898169,255,254,201,100,Topographicglobal
238,0.4725758197,0.5506511602,0.10912498988840617,205,11,34,100,Topographicglobal
239,0.949040017,0.6790552919,0.5947393609425252,255,254,201,100,Topographicglobal
240,0.2740496763,0.0921322638,0.6983792625088884,255,254,201,100,Topographicglobal
241,0.5057764665,0.1441019193,0.08057364639644707,255,254,201,100,Topographicglobal
242,0.4725758197,0.5506511602,0.05313387784190764,252,97,47,100,Topographicglobal
243,0.749185229,0.1433076376,0.7528419289157,255,254,201,100,Topographicglobal
244,0.8838479031,0.536192761,0.6603576956388599,255,254,201,100,Topographicglobal
245,0.9113257006,0.7498621625,0.7326522307769361,255,254,201,100,Topographicglobal
246,0.2180783647,0.8037684482,0.6175855531454962,255,254,201,100,Topographicglobal
247,0.9485373669,0.3752663686,0.7514978450753694,254,167,71,100,Topographicglobal
248,0.2942139436,0.5687290617,0.4423870620405746,255,254,201,100,Topographicglobal
249,0.2428882485,0.8229506815,0.525828209245254,255,254,201,100,Topographicglobal
250,0.412680811,0.6202732698,0.19121692527836728,254,179,77,100,Topographicglobal
251,0.9893027214,0.5243661399,0.6635680835674528,255,254,201,100,Topographicglobal
252,0.8725657733,0.5853245526,0.07222548103822754,255,254,201,100,Topographicglobal
253,0.5541714824,0.8412702127,0.47517432689220374,255,254,201,100,Topographicglobal
254,0.5541714824,0.8412702127,0.9042888197322827,255,254,201,100,Topographicglobal
255,0.9430864407,0.6252033205,0.2589154492156809,255,254,201,100,Topographicglobal
256,0.9742105438,0.3703139479,0.25262165078241156,253,120,54,100,Topographicglobal
257,0.9078676676,0.1660588324,0.8517145492731556,255,252,197,100,Topographicglobal
258,0.985766567,0.3784377032,0.44792228364478304,255,248,187,100,Topographicglobal
259,0.4063001539,0.5590144936,0.0031911290843513154,255,240,167,100,Topographicglobal
260,0.9605149676,0.3631188266,0.5595468288403859,255,254,201,100,Topographicglobal
261,0.5464430367,0.9101787335,0.08803421835338171,255,235,156,100,Topographicglobal
262,0.7418086462,0.1686768641,0.09565101270469781,255,254,201,100,Topographicglobal
263,0.5447690913,0.2222658326,0.3192774263827309,255,254,201,100,Topographicglobal
264,0.6564543958,0.1958126588,0.9846412388947746,255,252,197,100,Topographicglobal
265,0.7435976078,0.1511059022,0.5520530517755886,255,252,197,100,Topographicglobal
266,0.7118401488,0.2022026718,0.9982846962654439,255,254,201,100,Topographicglobal
267,0.644236407,0.8737565989,0.6797595472252654,255,251,194,100,Topographicglobal
268,0.4063001539,0.5590144936,0.9388978125843289,254,197,97,100,Topographicglobal
269,0.94719611,0.6887082043,0.9317521857573381,255,254,201,100,Topographicglobal
270,0.7236522452,0.2236145955,0.3711510798974829,255,254,201,100,Topographicglobal
271,0.8631769233,0.8246756241,0.6204279753209792,255,254,201,100,Topographicglobal
272,0.7982086878,0.2798953882,0.9332414087658911,255,248,187,100,Topographicglobal
273,0.9906201947,0.5224404589,0.26218582082795727,255,254,201,100,Topographicglobal
274,0.2210583992,0.9999762375,0.7304924085503228,255,254,201,100,Topographicglobal
275,0.7407607176,0.2087285695,0.6306201548661502,255,254,201,100,Topographicglobal
276,0.3693225393,0.6902544335,0.37090444062147376,255,254,201,100,Topographicglobal
277,0.9440466737,0.6834445883,0.2378417977590944,255,254,201,100,Topographicglobal
278,0.3296371169,0.2300992961,0.6881948400372898,254,219,123,100,Topographicglobal
279,0.4063001539,0.5590144936,0.5414105235937677,255,247,183,100,Topographicglobal
280,0.2735531717,0.0981521942,0.6271534385736419,255,254,201,100,Topographicglobal
281,0.3518887521,0.7258262582,0.06337565602866721,255,254,201,100,Topographicglobal
282,0.6747950113,0.2666939315,0.22347442124620828,255,254,201,100,Topographicglobal
283,0.1658238588,0.6182624105,0.41736478211808015,255,254,201,100,Topographicglobal
284,0.7598294545,0.1983638192,0.508685548877388,255,254,201,100,Topographicglobal
285,0.6665286913,0.5885582185,0.9962404708411605,255,254,201,100,Topographicglobal
286,0.2139467866,0.3359755505,0.11937193160413506,255,254,201,100,Topographicglobal
287,0.4286665754,0.4857907922,0.9026474480085207,254,213,114,100,Topographicglobal
288,0.7769577177,0.2079460537,0.4958111375998182,255,254,201,100,Topographicglobal
289,0.4286665754,0.4857907922,0.3870853429127459,211,15,32,100,Topographicglobal
290,0.5698709885,0.3491686194,0.1139488532018827,255,254,201,100,Topographicglobal
291,0.8476295759,0.4700564894,0.30486982955785236,255,254,201,100,Topographicglobal
292,0.7947130523,0.7566301019,0.2564121509369429,255,254,201,100,Topographicglobal
293,0.7540603661,0.2826284753,0.8623479279705395,255,254,201,100,Topographicglobal
294,0.5318811424,0.8428909429,0.09492599014672508,255,254,201,100,Topographicglobal
295,0.285012498,0.0944703194,0.496230767799385,255,254,201,100,Topographicglobal
296,0.7990073658,0.1531689913,0.5598498152070319,255,254,201,100,Topographicglobal
297,0.5059661712,0.1439799427,0.5021682805874582,255,254,201,100,Topographicglobal
298,0.6174737301,0.3039419872,0.6422219258934514,255,254,201,100,Topographicglobal
299,0.8583397705,0.8223190792,0.01842483940284985,255,254,201,100,Topographicglobal
300,0.9326117906,0.3265686677,0.5359758352928363,255,254,201,100,Topographicglobal
301,0.285012498,0.0944703194,0.8469569431135595,255,254,201,100,Topographicglobal
302,0.8145641398,0.1715822543,0.999713328904932,255,248,187,100,Topographicglobal
303,0.0057509122,0.6681302269,0.03314653696692093,255,254,201,100,Topographicglobal
304,0.4286665754,0.4857907922,0.5558214260542748,255,231,147,100,Topographicglobal
305,0.394215145,0.4202716071,0.1936896879173542,255,254,201,100,Topographicglobal
306,0.831736012,0.3456215912,0.8930478481955523,255,248,187,100,Topographicglobal
307,0.8635695438,0.1180607832,0.10997851269356512,255,254,201,100,Topographicglobal
308,0.8912151808,0.6247320329,0.20577140167199895,228,28,29,100,Topographicglobal
309,0.4286665754,0.4857907922,0.9563457311358394,223,23,29,100,Topographicglobal
310,0.1213287824,0.4927891146,0.6316700954973508,255,254,201,100,Topographicglobal
311,0.4568569786,0.833427554,0.14053119889851912,255,254,201,100,Topographicglobal
312,0.2236090094,0.9873714808,0.38455304428795145,255,254,201,100,Topographicglobal
313,0.8350913416,0.8795649076,0.14674536902859123,255,252,197,100,Topographicglobal
314,0.2116318252,0.3389344641,0.1652323701181968,255,254,201,100,Topographicglobal
315,0.9687368756,0.368501107,0.9216961360511176,255,248,187,100,Topographicglobal
316,0.7204219706,0.1232143533,0.9251061411650979,255,254,201,100,Topographicglobal
317,0.5902285465,0.9181193755,0.34237655945285683,255,254,201,100,Topographicglobal
318,0.8897206846,0.6314974923,0.0842288286851446,255,254,201,100,Topographicglobal
319,0.5891532288,0.6515610652,0.5730779778071181,255,254,201,100,Topographicglobal
320,0.9114651733,0.6146520128,0.5003922861480231,255,252,197,100,Topographicglobal
321,0.7502851256,0.296122778,0.26350032615253943,255,254,201,100,Topographicglobal
322,0.6739427854,0.9288735546,0.1946995321720971,255,254,201,100,Topographicglobal
323,0.7248060281,0.0106362233,0.8411475430675621,255,254,201,100,Topographicglobal
324,0.9441920488,0.3378114289,0.9476517436402236,255,252,197,100,Topographicglobal
325,0.1951308939,0.6848391624,0.3898293964368555,255,254,201,100,Topographicglobal
326,0.6479891919,0.0844555144,0.20573843627962793,255,254,201,100,Topographicglobal
327,0.693213466,0.5376674884,0.6854099040623748,255,254,201,100,Topographicglobal
328,0.517739502,0.561330175,0.07360419399086665,255,245,181,100,Topographicglobal
329,0.4898030453,0.4178153485,0.3820818183160239,255,254,201,100,Topographicglobal
330,0.9687406254,0.3685628863,0.8798315548923469,255,254,201,100,Topographicglobal
331,0.815650478,0.7250027594,0.6877842418309498,255,254,201,100,Topographicglobal
332,0.0057509122,0.6681302269,0.20997675062342233,255,254,201,100,Topographicglobal
333,0.3568638151,0.7301111609,0.053607114539491865,255,254,201,100,Topographicglobal
334,0.5993574135,0.871550605,0.5979978140878673,255,254,201,100,Topographicglobal
335,0.5870860911,0.8811522846,0.4421571051634868,255,254,201,100,Topographicglobal
336,0.8720839902,0.6801603816,0.21748049873979425,255,254,201,100,Topographicglobal
337,0.5789013548,0.878083358,0.7234408921045894,255,254,201,100,Topographicglobal
338,0.9378069996,0.3655209191,0.398457272858722,255,254,201,100,Topographicglobal
339,0.5779908309,0.8742000454,0.052816538880880164,255,252,197,100,Topographicglobal
340,0.0495861929,0.3711881192,0.26726874358382974,255,254,201,100,Topographicglobal
341,0.576549442,0.1551802378,0.31542362689924713,255,254,201,100,Topographicglobal
342,0.5604469838,0.8037810051,0.6622774135032539,254,189,87,100,Topographicglobal
343,0.7299158852,0.1313176089,0.7147713843483798,252,91,46,100,Topographicglobal
344,0.6107100408,0.4397075903,0.6737383157818831,255,254,201,100,Topographicglobal
345,0.3809002976,0.6622955355,0.7648821517367499,255,254,201,100,Topographicglobal
346,0.6147513778,0.3067667464,0.14575195362719526,255,247,183,100,Topographicglobal
347,0.5312810012,0.6709889654,0.3789433974928568,255,254,201,100,Topographicglobal
348,0.6763851628,0.6102290748,0.8126423495703983,255,252,197,100,Topographicglobal
349,0.7323888166,0.1205988594,0.5156041377383868,255,254,201,100,Topographicglobal
350,0.5526557415,0.8546001716,0.9012127598274526,255,254,201,100,Topographicglobal
351,0.453087901,0.8872560595,0.393528545941318,255,254,201,100,Topographicglobal
352,0.3189414876,0.2165614727,0.36705927098444613,255,254,201,100,Topographicglobal
353,0.6473041024,0.8366128215,0.8490338489417171,255,254,201,100,Topographicglobal
354,0.5021538144,0.1451533704,0.4091309765301432,255,252,197,100,Topographicglobal
355,0.7019435187,0.7928881728,0.15437857582319967,255,254,201,100,Topographicglobal
356,0.5025695849,0.5045010376,0.9074796251802046,253,110,51,100,Topographicglobal
357,0.7317622747,0.1195361698,0.9554390557002491,255,254,201,100,Topographicglobal
358,0.6905047643,0.6068095107,0.4446930798648679,255,254,201,100,Topographicglobal
359,0.8188242882,0.7222312929,0.18344117732399143,255,252,197,100,Topographicglobal
360,0.7252225191,0.11204695,0.7672295231175355,255,254,201,100,Topographicglobal
361,0.7453185518,0.6043761083,0.6999267240863899,255,254,201,100,Topographicglobal
362,0.2971104404,0.6445813145,0.27758978869044504,255,254,201,100,Topographicglobal
363,0.634964114,0.5866991378,0.11104208977747894,255,254,201,100,Topographicglobal
364,0.8777138838,0.5410535798,0.8537451469303524,255,254,201,100,Topographicglobal
365,0.9687277788,0.3685110438,0.7605899938443234,255,254,201,100,Topographicglobal
366,0.75050857,0.2954710056,0.37326341789303313,255,252,197,100,Topographicglobal
367,0.7359755329,0.7029348117,0.26920744982514444,255,254,201,100,Topographicglobal
368,0.686362284,0.4283779277,0.5504973091805436,255,254,201,100,Topographicglobal
369,0.8296540085,0.7990953691,0.7788412288863995,255,254,201,100,Topographicglobal
370,0.5025695849,0.5045010376,0.9014930545617929,254,218,120,100,Topographicglobal
371,0.0154069199,0.5439827223,0.5811438024266314,255,254,201,100,Topographicglobal
372,0.0869362902,0.3850348309,0.3792355713940188,255,254,201,100,Topographicglobal
373,0.5973772716,0.8685188218,0.1359507533008499,255,254,201,100,Topographicglobal
374,0.8825210379,0.220645465,0.07694677717903085,255,254,201,100,Topographicglobal
375,0.5961810788,0.8671385183,0.15436135917226973,255,254,201,100,Topographicglobal
376,0.5312733062,0.6710163863,0.15215943489805245,255,254,201,100,Topographicglobal
377,0.6276615012,0.2161938949,0.418631266614141,255,252,197,100,Topographicglobal
378,0.599187658,0.5408627812,0.024364142812295382,255,254,201,100,Topographicglobal
379,0.7348176356,0.6016156415,0.2665941436007794,255,254,201,100,Topographicglobal
380,0.8277798078,0.7137920002,0.3184857872678619,255,254,201,100,Topographicglobal
381,0.5970065424,0.8744770883,0.3243339175903672,255,254,201,100,Topographicglobal
382,0.890731627,0.6319223094,0.6391781148743529,255,254,201,100,Topographicglobal
383,0.6557824611,0.8176939866,0.4710307642533066,255,244,176,100,Topographicglobal
384,0.6113726954,0.3096854186,0.17694645706577658,255,254,201,100,Topographicglobal
385,0.5025695849,0.5045010376,0.934609566250363,255,252,197,100,Topographicglobal
386,0.8331842778,0.8791174403,0.25384050310442546,255,254,201,100,Topographicglobal
387,0.5025695849,0.5045010376,0.8603181577956313,255,252,197,100,Topographicglobal
388,0.0057609812,0.6681326328,0.9981377769525673,255,254,201,100,Topographicglobal
389,0.3600253342,0.2724838333,0.3721870594012415,255,254,201,100,Topographicglobal
390,0.6852368764,0.8601638349,0.7741803909870034,255,254,201,100,Topographicglobal
391,0.6870530504,0.8872610691,0.4463652336337265,255,254,201,100,Topographicglobal
392,0.1213315254,0.4927893721,0.46107717888289784,255,254,201,100,Topographicglobal
393,0.5387778475,0.2245425868,0.7764218756920367,255,254,201,100,Topographicglobal
394,0.4936569714,0.4558060495,0.48962371594185383,255,254,201,100,Topographicglobal
395,0.5025695849,0.5045010376,0.18410670616934896,255,243,174,100,Topographicglobal
396,0.9078146839,0.4158375376,0.6245546539800839,255,254,201,100,Topographicglobal
397,0.630110469,0.833490767,0.06812732082992046,255,254,201,100,Topographicglobal
398,0.5373020223,0.4662090431,0.7654348697378995,255,254,201,100,Topographicglobal
399,0.5025695849,0.5045010376,0.8919124040273266,255,244,176,100,Topographicglobal
400,0.2027470315,0.6903078086,0.29835682230137295,255,254,201,100,Topographicglobal
401,0.6757431355,0.2628728102,0.2578475379324974,255,254,201,100,Topographicglobal
402,0.8958891641,0.6276623804,0.8877347687693729,255,254,201,100,Topographicglobal
403,0.7989809087,0.0943149566,0.9191501846973841,255,254,201,100,Topographicglobal
404,0.0502719943,0.3810176852,0.6753962674411239,255,254,201,100,Topographicglobal
405,0.6819935469,0.0619595115,0.34012742704567617,255,254,201,100,Topographicglobal
406,0.2210583992,0.9999762375,0.9021533173183255,255,254,201,100,Topographicglobal
407,0.3121502073,0.503203319,0.8424152392413379,255,254,201,100,Topographicglobal
408,0.5970583254,0.8764307247,0.24295736188421657,255,254,201,100,Topographicglobal
409,0.7946648601,0.4163765616,0.5247488089094254,255,254,201,100,Topographicglobal
410,0.517739502,0.561330175,0.31874713970566365,255,252,197,100,Topographicglobal
411,0.8649450699,0.5694337149,0.6170194275951665,255,254,201,100,Topographicglobal
412,0.9049649905,0.4207817601,0.2516291950070875,255,254,201,100,Topographicglobal
413,0.729640655,0.1136874549,0.878106628033143,255,254,201,100,Topographicglobal
414,0.7065565933,0.1237806004,0.7652163398622356,255,254,201,100,Topographicglobal
415,0.517739502,0.561330175,0.5921328303350887,252,77,42,100,Topographicglobal
416,0.8906728103,0.6320567523,0.3480281266119552,255,254,201,100,Topographicglobal
417,0.6441377137,0.8589748183,0.14937797640814088,255,254,201,100,Topographicglobal
418,0.179196082,0.6434127646,0.8674102688639121,255,254,201,100,Topographicglobal
419,0.3404259537,0.7433510133,0.5451746118303321,255,248,187,100,Topographicglobal
420,0.6893567623,0.6251218407,0.09284554820498225,253,140,60,100,Topographicglobal
421,0.6307666775,0.8165255685,0.5929856433381034,255,232,149,100,Topographicglobal
422,0.9289045678,0.5253537796,0.15932090385701103,255,254,201,100,Topographicglobal
423,0.0461032999,0.3960751244,0.7630094668810781,255,254,201,100,Topographicglobal
424,0.3296801705,0.2301091505,0.941321905767831,255,248,187,100,Topographicglobal
425,0.3634875164,0.7211842912,0.6165934035170959,255,254,201,100,Topographicglobal
426,0.7128654656,0.1114598077,0.0012256891872967153,255,254,201,100,Topographicglobal
427,0.8907663823,0.6320161072,0.7796059155779523,255,254,201,100,Topographicglobal
428,0.6675379194,0.0965717054,0.5147660571867769,255,254,201,100,Topographicglobal
429,0.7461442424,0.7944296726,0.635842825364167,255,254,201,100,Topographicglobal
430,0.7128654656,0.1114598077,0.31100889690107814,255,254,201,100,Topographicglobal
431,0.353451266,0.7212662571,0.8824301381181598,255,254,201,100,Topographicglobal
432,0.1213069085,0.4927810873,0.7034784025998517,255,254,201,100,Topographicglobal
433,0.8193539336,0.8783945121,0.054222543384636675,255,254,201,100,Topographicglobal
434,0.848302357,0.8109092057,0.5201777785075506,255,254,201,100,Topographicglobal
435,0.6783039795,0.5588552789,0.0015952369044891497,255,254,201,100,Topographicglobal
436,0.8959192668,0.6284198978,0.028766596996271574,255,254,201,100,Topographicglobal
437,0.7198181272,0.1098039116,0.055247811408144595,255,254,201,100,Topographicglobal
438,0.6432571645,0.79961653,0.7428234518270438,255,254,201,100,Topographicglobal
439,0.6089058173,0.8054514027,0.06775964850779384,255,254,201,100,Topographicglobal
440,0.5644887614,0.3524106731,0.19912393588085095,255,254,201,100,Topographicglobal
441,0.0502719943,0.3810176852,0.3373398430044754,255,254,201,100,Topographicglobal
442,0.0057509122,0.6681302269,0.396538614650911,255,254,201,100,Topographicglobal
443,0.8825210379,0.220645465,0.8940226814248035,255,254,201,100,Topographicglobal
444,0.4286665754,0.4857907922,0.9186196015592792,255,243,174,100,Topographicglobal
445,0.9687321189,0.3684847764,0.35797917960263237,255,254,201,100,Topographicglobal
446,0.7218539263,0.0601464069,0.5694900904893251,255,252,197,100,Topographicglobal
447,0.9686887876,0.368472236,0.40464388393747747,255,254,201,100,Topographicglobal
448,0.5474037731,0.3304229939,0.6059048530705238,255,252,197,100,Topographicglobal
449,0.8959387451,0.6279343395,0.7993891850095809,255,254,201,100,Topographicglobal
450,0.3252085042,0.4038095663,0.4826955025303502,255,254,201,100,Topographicglobal
451,0.3529917389,0.7264283138,0.8339552985279628,255,254,201,100,Topographicglobal
452,0.4286665754,0.4857907922,0.16209201087213654,207,12,33,100,Topographicglobal
453,0.6034953712,0.839202147,0.30600589500196584,255,254,201,100,Topographicglobal
454,0.9298822999,0.3239368762,0.584834911724545,255,254,201,100,Topographicglobal
455,0.6991406807,0.7923051832,0.8413369861264585,255,254,201,100,Topographicglobal
456,0.6215594856,0.8744128206,0.9249137984879315,255,254,201,100,Topographicglobal
457,0.6796654611,0.5856513451,0.21007586264077216,255,254,201,100,Topographicglobal
458,0.8318545482,0.3453967534,0.9869191599877565,255,254,201,100,Topographicglobal
459,0.8827407846,0.2179255609,0.3617714794127155,255,254,201,100,Topographicglobal
460,0.702468581,0.0917076362,0.5273794695389762,255,254,201,100,Topographicglobal
461,0.6304177072,0.9478656876,0.021507510224399867,255,254,201,100,Topographicglobal
462,0.9042865847,0.7187412487,0.11352451189468427,255,254,201,100,Topographicglobal
463,0.1572819657,0.6463540706,0.48870339579056665,255,254,201,100,Topographicglobal
464,0.0502719943,0.3810176852,0.635708428698473,255,254,201,100,Topographicglobal
465,0.0502719943,0.3810176852,0.2535913737399653,255,254,201,100,Topographicglobal
466,0.5008349176,0.8342246701,0.44496199725402585,255,254,201,100,Topographicglobal
467,0.6988036305,0.068615823,0.16908841718030443,255,254,201,100,Topographicglobal
468,0.1700783825,0.6068089916,0.24880790033833547,255,254,201,100,Topographicglobal
469,0.6132281145,0.8930109767,0.5609297836254838,255,254,201,100,Topographicglobal
470,0.8398876976,0.5257568343,0.0002779641005252174,255,254,201,100,Topographicglobal
471,0.5614323328,0.343093699,0.6220067086957886,255,254,201,100,Topographicglobal
472,0.0693730473,0.3828483645,0.9309442116255034,255,254,201,100,Topographicglobal
473,0.2133216769,0.6971794496,0.16592452994187543,255,254,201,100,Topographicglobal
474,0.5765967293,0.3859570793,0.956107905816921,255,237,160,100,Topographicglobal
475,0.5870128003,0.9319310119,0.5223601743839912,255,254,201,100,Topographicglobal
476,0.4063001539,0.5590144936,0.5709211401453909,255,251,194,100,Topographicglobal
477,0.7718683371,0.0898192561,0.4860659731385427,255,254,201,100,Topographicglobal
478,0.5590731374,0.3480161529,0.22610786060968957,255,252,197,100,Topographicglobal
479,0.502339804,0.9101329552,0.4516383059979553,255,254,201,100,Topographicglobal
480,0.6206635965,0.2249704114,0.7256653141211437,255,254,201,100,Topographicglobal
481,0.5590731374,0.3480161529,0.40204365066521996,255,254,201,100,Topographicglobal
482,0.8317204225,0.3454128368,0.10699280803324204,255,254,201,100,Topographicglobal
483,0.54880754,0.8710832642,0.6978825329463386,255,254,201,100,Topographicglobal
484,0.2147978233,0.3371839793,0.7240836794295015,255,254,201,100,Topographicglobal
485,0.7889729382,0.0784960285,0.5112719210329756,255,254,201,100,Topographicglobal
486,0.9397160424,0.3342750296,0.08560394933276434,255,254,201,100,Topographicglobal
487,0.62218565,0.5743780156,0.7716420091535684,255,254,201,100,Topographicglobal
488,0.1213069085,0.4927810873,0.33643387801148694,255,254,201,100,Topographicglobal
489,0.8488280964,0.8142922526,0.9205026136175848,255,254,201,100,Topographicglobal
490,0.6207706791,0.123948652,0.7107491863682819,255,244,176,100,Topographicglobal
491,0.8136312493,0.2333846233,0.5818999202170297,255,254,201,100,Topographicglobal
492,0.3296371169,0.2300992961,0.42291296112771415,255,254,201,100,Topographicglobal
493,0.5891070841,0.6515479068,0.06573623333940037,255,254,201,100,Topographicglobal
494,0.963456879,0.481233675,0.5740672493299833,255,254,201,100,Topographicglobal
495,0.3634875164,0.7211842912,0.07191638603675843,255,254,201,100,Topographicglobal
496,0.5728806983,0.8703547661,0.054576336897470136,255,254,201,100,Topographicglobal
497,0.7657619554,0.0757059245,0.32632566706656907,255,254,201,100,Topographicglobal
498,0.5739654784,0.8633640982,0.9490014995088831,255,252,197,100,Topographicglobal
499,0.3474214953,0.5819573995,0.5570217814666137,255,247,183,100,Topographicglobal
500,0.3693152653,0.7478006059,0.8575355123673908,255,254,201,100,Topographicglobal
501,0.275523427,0.1004631915,0.9244580263377868,255,254,201,100,Topographicglobal
502,0.5889883733,0.8601056316,0.28325181291344104,255,254,201,100,Topographicglobal
503,0.4725758197,0.5506511602,0.36744915882437185,255,251,194,100,Topographicglobal
504,0.7800041554,0.1061565106,0.4260351502133133,255,254,201,100,Topographicglobal
505,0.5891851349,0.8578771605,0.1478164856325883,255,254,201,100,Topographicglobal
506,0.7458743939,0.7947114284,0.9159114424925964,255,248,187,100,Topographicglobal
507,0.65783273,0.5822204436,0.0827276517472883,255,254,201,100,Topographicglobal
508,0.5147450237,0.6707148064,0.962206144688055,255,254,201,100,Topographicglobal
509,0.3296667162,0.2301362747,0.3452725082008295,255,254,201,100,Topographicglobal
510,0.579909576,0.8314368731,0.5525592764404652,255,254,201,100,Topographicglobal
511,0.3296667162,0.2301362747,0.1381429263022409,255,254,201,100,Topographicglobal
512,0.4588696885,0.4385713966,0.5128713231535913,255,254,201,100,Topographicglobal
513,0.599187658,0.5408627812,0.9723128051347787,255,254,201,100,Topographicglobal
514,0.8488280964,0.8142922526,0.32753910255095975,255,254,201,100,Topographicglobal
515,0.509651659,0.8084751772,0.532163014451074,255,252,197,100,Topographicglobal
516,0.221024373,1.0,0.608886995179105,255,254,201,100,Topographicglobal
517,0.4725758197,0.5506511602,0.45299436929959097,255,247,183,100,Topographicglobal
518,0.6033542005,0.1865012051,0.951606215775853,255,254,201,100,Topographicglobal
519,0.6127683193,0.8213620191,0.5422237858928206,255,252,197,100,Topographicglobal
520,0.2836671094,0.0911704578,0.08912319416873626,255,254,201,100,Topographicglobal
521,0.4725758197,0.5506511602,0.6287252386432299,255,252,197,100,Topographicglobal
522,0.3520197182,0.7260969731,0.9513994526308536,255,254,201,100,Topographicglobal
523,0.695004589,0.0176487751,0.20896522489598127,255,254,201,100,Topographicglobal
524,0.1574222717,0.6463495306,0.1600953593699994,255,254,201,100,Topographicglobal
525,0.590531244,0.8258366926,0.13601143152494216,255,254,201,100,Topographicglobal
526,0.812530502,0.4179917961,0.7561331525507635,255,254,201,100,Topographicglobal
527,0.5761860345,0.8146207425,0.14184836398765321,255,252,197,100,Topographicglobal
528,0.7339671371,0.1547611142,0.2145629220695134,255,254,201,100,Topographicglobal
529,0.6636321642,0.4259500129,0.5851974206751773,255,254,201,100,Topographicglobal
530,0.4725758197,0.5506511602,0.03907901589343852,255,247,183,100,Topographicglobal
531,0.4576598491,0.5991503773,0.24751099650326,255,252,197,100,Topographicglobal
532,0.9131872457,0.7500584094,0.018443097816605233,255,254,201,100,Topographicglobal
533,0.4576598491,0.5991503773,0.7608241513838155,255,241,169,100,Topographicglobal
534,0.753284621,0.1080429132,0.46365031726882044,255,254,201,100,Topographicglobal
535,0.6649773879,0.8716087754,0.9157360902388335,255,254,201,100,Topographicglobal
536,0.2495696729,0.524820032,0.8674925993967707,255,254,201,100,Topographicglobal
537,0.7414172668,0.8643790979,0.6845608618892677,255,254,201,100,Topographicglobal
538,0.4576598491,0.5991503773,0.9003552370785378,254,165,70,100,Topographicglobal
539,0.6833605404,0.1283178936,0.08962617293164363,255,254,201,100,Topographicglobal
540,0.7876581558,0.7514675838,0.45373758598411745,255,254,201,100,Topographicglobal
541,0.6283100756,0.1541467488,0.13095176294054836,255,254,201,100,Topographicglobal
542,0.6333321936,0.9135509043,0.06059372291558692,255,254,201,100,Topographicglobal
543,0.6329152535,0.1835896188,0.8681867232131976,255,254,201,100,Topographicglobal
544,0.641305194,0.603376607,0.2714169665334008,255,254,201,100,Topographicglobal
545,0.657284917,0.1807021905,0.015527411467529182,255,254,201,100,Topographicglobal
546,0.1213069085,0.4927810873,0.08398926345973609,255,254,201,100,Topographicglobal
547,0.2782652435,0.0882253205,0.9095981586928091,255,254,201,100,Topographicglobal
548,0.5088668866,0.2398057319,0.6943972113289758,255,254,201,100,Topographicglobal
549,0.4576598491,0.5991503773,0.03351968457107724,255,243,174,100,Topographicglobal
550,0.4576598491,0.5991503773,0.5338027023795523,255,252,197,100,Topographicglobal
551,0.6502255155,0.1477838271,0.24475804810252863,255,254,201,100,Topographicglobal
552,0.5299029665,0.7797052879,0.4525364518597219,255,254,201,100,Topographicglobal
553,0.6486301733,0.9310233226,0.3463158823952566,255,254,201,100,Topographicglobal
554,0.1572623486,0.646368951,0.1724556809382621,255,254,201,100,Topographicglobal
555,0.4576598491,0.5991503773,0.600246328599251,253,130,57,100,Topographicglobal
556,0.8240632625,0.1069933737,0.9417017940309056,255,254,201,100,Topographicglobal
557,0.5820809623,0.9503494494,0.8121245048158983,255,252,197,100,Topographicglobal
558,0.7414172668,0.8643790979,0.991385574929136,255,254,201,100,Topographicglobal
559,0.7360872204,0.7029472697,0.27478465094905163,255,254,201,100,Topographicglobal
560,0.1573752253,0.6463510137,0.1878550115234982,255,254,201,100,Topographicglobal
561,0.4576598491,0.5991503773,0.6165788787185873,255,252,197,100,Topographicglobal
562,0.7063193822,0.5475921704,0.16476401687323716,255,254,201,100,Topographicglobal
563,0.8010149631,0.6442433493,0.7174912989876961,255,254,201,100,Topographicglobal
564,0.7106682157,0.5614551426,0.8732956228751128,255,254,201,100,Topographicglobal
565,0.5744887374,0.8606869733,0.34919036786555074,255,254,201,100,Topographicglobal
566,0.2116247075,0.3387837978,0.07701401696315946,255,254,201,100,Topographicglobal
567,0.7405598329,0.033156615,0.47055650686065087,255,254,201,100,Topographicglobal
568,0.8403136326,0.8452322284,0.5009001679613274,255,254,201,100,Topographicglobal
569,0.4675378343,0.762501261,0.6817508136088882,255,254,201,100,Topographicglobal
570,0.5279715896,0.9188550584,0.3185531996884044,255,254,201,100,Topographicglobal
571,0.883236942,0.2194331142,0.17444875573846547,255,254,201,100,Topographicglobal
572,0.7028431989,0.1544102789,0.3327394380635277,255,254,201,100,Topographicglobal
573,0.6673080603,0.5637016827,0.9002558046725148,255,254,201,100,Topographicglobal
574,0.3121502073,0.503203319,0.6232211872183445,255,254,201,100,Topographicglobal
575,0.9687402782,0.3684985363,0.6067828779009506,255,254,201,100,Topographicglobal
576,0.7970465719,0.6702404785,0.9182063898532731,255,254,201,100,Topographicglobal
577,0.2495696729,0.524820032,0.8536554159561474,255,254,201,100,Topographicglobal
578,0.1213399277,0.4927837157,0.8727577920475923,255,254,201,100,Topographicglobal
579,0.6375771778,0.6312941018,0.41652496593311156,255,252,197,100,Topographicglobal
580,0.3666292969,0.5037030924,0.3197086108174921,255,254,201,100,Topographicglobal
581,0.595935689,0.8572225537,0.8455880441443574,255,254,201,100,Topographicglobal
582,0.5608224351,0.8234202305,0.45492314296941405,255,254,201,100,Topographicglobal
583,0.3510402674,0.5342642054,0.706326640942817,254,161,69,100,Topographicglobal
584,0.6231343557,0.1018384853,0.5299341161434905,255,254,201,100,Topographicglobal
585,0.7621947434,0.0162952334,0.09984645588620894,255,254,201,100,Topographicglobal
586,0.7499258021,0.4881368936,0.17571724240419778,255,254,201,100,Topographicglobal
587,0.6608637126,0.5827378225,0.24339767430506237,255,254,201,100,Topographicglobal
588,0.9823399214,0.3560348553,0.7536534103486147,255,254,201,100,Topographicglobal
589,0.8958736092,0.6294045105,0.9516742740744432,255,254,201,100,Topographicglobal
590,0.8086786332,0.0588790496,0.0053778786240403845,255,254,201,100,Topographicglobal
591,0.3510402674,0.5342642054,0.6795987132279108,255,252,197,100,Topographicglobal
592,0.3081590047,0.5053730306,0.790533376841385,255,254,201,100,Topographicglobal
593,0.8319790389,0.5738161766,0.35859504925723895,255,254,201,100,Topographicglobal
594,0.763936433,0.1014311605,0.5114287275330232,255,254,201,100,Topographicglobal
595,0.3510402674,0.5342642054,0.7173787609103929,255,252,197,100,Topographicglobal
596,0.0137877593,0.5439676338,0.5854553715146096,255,254,201,100,Topographicglobal
597,0.3681929045,0.2838948933,0.6841431979914313,255,254,201,100,Topographicglobal
598,0.1213069085,0.4927810873,0.7509380761135952,255,254,201,100,Topographicglobal
599,0.5705000976,0.9021022726,0.26071061220935776,255,254,201,100,Topographicglobal
600,0.8307715605,0.4200883208,0.6848645838785301,255,254,201,100,Topographicglobal
601,0.3987648806,0.7129042667,0.1324760928230671,255,248,187,100,Topographicglobal
602,0.6557338826,0.5728215407,0.1377740145590222,255,254,201,100,Topographicglobal
603,0.1788847076,0.6699535648,0.41676926284775595,255,254,201,100,Topographicglobal
604,0.7440887307,0.8559034198,0.5359187399093542,255,254,201,100,Topographicglobal
605,0.0502719943,0.3810176852,0.9861987050606498,255,254,201,100,Topographicglobal
606,0.6705473623,0.5748360006,0.6862824041700949,255,254,201,100,Topographicglobal
607,0.4286665754,0.4857907922,0.181105405234914,254,171,73,100,Topographicglobal
608,0.6608637126,0.5827378225,0.6084929474331581,255,254,201,100,Topographicglobal
609,0.7796407348,0.0596188193,0.14251961082098968,255,254,201,100,Topographicglobal
610,0.2147978233,0.3371839793,0.9858645428825911,255,254,201,100,Topographicglobal
611,0.3681929045,0.2838948933,0.028749239672673284,255,254,201,100,Topographicglobal
612,0.4286665754,0.4857907922,0.8595593177041901,255,251,194,100,Topographicglobal
613,0.9506471295,0.5062812107,0.572456166836566,255,252,197,100,Topographicglobal
614,0.221024373,1.0,0.28498400643623256,255,254,201,100,Topographicglobal
615,0.0057509122,0.6681302269,0.2005270680647945,255,254,201,100,Topographicglobal
616,0.428671853,0.4174724809,0.9450714830968202,255,254,201,100,Topographicglobal
617,0.9687421879,0.3685150976,0.6983579221230882,255,254,201,100,Topographicglobal
618,0.5670895449,0.9273517635,0.5081597593262016,255,254,201,100,Topographicglobal
619,0.6919916046,0.081700774,0.23821504020778758,255,254,201,100,Topographicglobal
620,0.2836671094,0.0911704578,0.7779023258334266,255,254,201,100,Topographicglobal
621,0.5381323524,0.9415543447,0.34193966681680504,255,254,201,100,Topographicglobal
622,0.562213542,0.7440203852,0.20065201970679133,255,254,201,100,Topographicglobal
623,0.4286665754,0.4857907922,0.7688199121927951,255,252,197,100,Topographicglobal
624,0.4286665754,0.4857907922,0.36416290809714474,225,25,29,100,Topographicglobal
625,0.3634875164,0.7211842912,0.7049829002709487,255,254,201,100,Topographicglobal
626,0.5749062136,0.8762062824,0.8434165539229981,255,254,201,100,Topographicglobal
627,0.5853402536,0.85678471,0.4264567295493641,255,254,201,100,Topographicglobal
628,0.46127396,0.6638479278,0.03885848996168369,255,254,201,100,Topographicglobal
629,0.6187566151,0.0002335056,0.8572280163601856,255,254,201,100,Topographicglobal
630,0.9261958747,0.485111704,0.39521806444927493,255,254,201,100,Topographicglobal
631,0.573681147,0.8670854564,0.5921156124284923,255,254,201,100,Topographicglobal
632,0.7909641821,0.0365205794,0.17172972886137122,255,254,201,100,Topographicglobal
633,0.8877909656,0.7077906909,0.11264254719206394,255,254,201,100,Topographicglobal
634,0.1328201906,0.6581657814,0.3444684128977448,255,254,201,100,Topographicglobal
635,0.5590731374,0.3480161529,0.3964323994978875,255,254,201,100,Topographicglobal
636,0.8867235154,0.6274733183,0.29505522069555623,255,254,201,100,Topographicglobal
637,0.6031643176,0.5961972395,0.47065026536457455,255,254,201,100,Topographicglobal
638,0.6681477477,0.5894269271,0.9977569155747591,255,254,201,100,Topographicglobal
639,0.4286665754,0.4857907922,0.2061893475445949,255,252,197,100,Topographicglobal
640,0.5310571488,0.8019494442,0.26587955025943444,255,254,201,100,Topographicglobal
641,0.2148134129,0.8043349919,0.25435160129331086,255,254,201,100,Topographicglobal
642,0.6410886893,0.7604060876,0.16871416895686495,255,254,201,100,Topographicglobal
643,0.5154548864,0.2344969473,0.8338108823363932,255,254,201,100,Topographicglobal
644,0.6453394111,0.1673591144,0.14231097895767286,255,254,201,100,Topographicglobal
645,0.6843944244,0.5794077882,0.5795315711855251,255,254,201,100,Topographicglobal
646,0.7632041408,0.0434776633,0.8954209364941977,255,254,201,100,Topographicglobal
647,0.6437947089,0.1135018039,0.4916474724602504,255,252,197,100,Topographicglobal
648,0.6066593943,0.9484418219,0.43067858383195357,255,254,201,100,Topographicglobal
649,0.3270138192,0.4623290057,0.9217947206758336,255,254,201,100,Topographicglobal
650,0.2147978233,0.3371839793,0.7698916631829102,255,254,201,100,Topographicglobal
651,0.991747399,0.3256607476,0.026082406786076935,255,254,201,100,Topographicglobal
652,0.7539167443,0.0615934827,0.29560580042566276,255,254,201,100,Topographicglobal
653,0.7185011227,0.3537032265,0.5069059254079752,255,254,201,100,Topographicglobal
654,0.3796259473,0.6095067893,0.927651142549,255,248,187,100,Topographicglobal
655,0.2827854492,0.1040607274,0.5359389418206593,255,254,201,100,Topographicglobal
656,0.4870785978,0.4223287144,0.06383496228317921,255,254,201,100,Topographicglobal
657,0.4267122916,0.5198606798,0.7757566771368709,255,254,201,100,Topographicglobal
658,0.4288674688,0.536547269,0.8445405732161921,255,254,201,100,Topographicglobal
659,0.44224181,0.5435032859,0.28031844261720457,255,254,201,100,Topographicglobal
660,0.4193473228,0.5186703304,0.5621490659429879,255,254,201,100,Topographicglobal
661,0.4352658334,0.5215105035,0.40110170088977376,254,197,97,100,Topographicglobal
662,0.4625826229,0.495820492,0.3193307754091205,255,254,201,100,Topographicglobal
663,0.4484014531,0.5382551106,0.5624342995844755,255,254,201,100,Topographicglobal
664,0.4404214956,0.5199197113,0.3071760486048674,254,215,116,100,Topographicglobal
665,0.4409693867,0.5197091179,0.4349091571983604,255,252,197,100,Topographicglobal
666,0.4911632422,0.5307819969,0.30342050811644966,255,254,201,100,Topographicglobal
667,0.4545803835,0.4586953275,0.7725408409942559,255,254,201,100,Topographicglobal
668,0.4561695281,0.5080245617,0.9423947882318137,255,254,201,100,Topographicglobal
669,0.4363283706,0.5605893879,0.13446755151451892,255,254,201,100,Topographicglobal
670,0.4719386272,0.5007404483,0.6861158933157924,255,254,201,100,Topographicglobal
671,0.3933669207,0.4938390599,0.3443518606751704,255,254,201,100,Topographicglobal
672,0.4530733357,0.5181261403,0.1380821855201043,255,254,201,100,Topographicglobal
673,0.4063926322,0.5089436714,0.47432841475723203,255,254,201,100,Topographicglobal
674,0.452390503,0.524902898,0.3008384326196486,255,254,201,100,Topographicglobal
675,0.4498198765,0.5628888952,0.40335864513692565,255,254,201,100,Topographicglobal
676,0.4099085966,0.5155579378,0.16733921671129295,255,254,201,100,Topographicglobal
677,0.577170893,0.8477241966,0.2834020346634624,255,254,201,100,Topographicglobal
678,0.4168790873,0.5284285912,0.076962506311591,255,254,201,100,Topographicglobal
679,0.4372687261,0.5312306672,0.39688255501102176,255,254,201,100,Topographicglobal
680,0.4369021112,0.5210971721,0.7645518271260175,255,244,176,100,Topographicglobal
681,0.5778857599,0.8472876383,0.9265383668180971,255,254,201,100,Topographicglobal
682,0.4588702354,0.505963689,0.7164063874460032,255,254,201,100,Topographicglobal
683,0.4629891577,0.5209485316,0.5794533085664144,255,254,201,100,Topographicglobal
684,0.4690240671,0.4784024005,0.9699599296845147,255,254,201,100,Topographicglobal
685,0.3911954942,0.5200676313,0.5580032875726575,255,254,201,100,Topographicglobal
686,0.8842564257,0.6264247264,0.7197091350651289,255,254,201,100,Topographicglobal
687,0.3208116781,0.5039375662,0.6922262571585143,255,254,201,100,Topographicglobal
688,0.469666051,0.5753705464,0.015345178846397673,254,207,107,100,Topographicglobal
689,0.2672957206,0.4454003656,0.9607115651669033,255,254,201,100,Topographicglobal
690,0.6210785662,0.7912225212,0.6467483754867275,255,254,201,100,Topographicglobal
691,0.0502719943,0.3810176852,0.10890129519847934,255,254,201,100,Topographicglobal
692,0.7360500173,0.7029658578,0.24596792211164814,255,254,201,100,Topographicglobal
693,0.5600696837,0.7358544769,0.6959888454068157,255,254,201,100,Topographicglobal
694,0.3121502073,0.503203319,0.7473217189995867,255,254,201,100,Topographicglobal
695,0.7574280214,0.124299652,0.21437705491430503,255,254,201,100,Topographicglobal
696,0.9073999811,0.7589975064,0.056892162308158,255,254,201,100,Topographicglobal
697,0.8780071166,0.7954989538,0.34409996466740145,255,254,201,100,Topographicglobal
698,0.4605369197,0.3124204009,0.7740903502224299,255,254,201,100,Topographicglobal
699,0.8915884967,0.6246043546,0.8784564223834715,255,254,201,100,Topographicglobal
700,0.6415663797,0.131177901,0.901588921123219,255,254,201,100,Topographicglobal
701,0.6140196726,0.8360589336,0.0033414680647933666,255,254,201,100,Topographicglobal
702,0.5633067419,0.352439165,0.40681309456020787,255,254,201,100,Topographicglobal
703,0.2182080808,0.804043217,0.82305396604355,255,254,201,100,Topographicglobal
704,0.4286665754,0.4857907922,0.5717325834187539,255,252,197,100,Topographicglobal
705,0.7145538851,0.1560692072,0.04871697804929324,255,254,201,100,Topographicglobal
706,0.7118330572,0.1672776099,0.575096349777181,255,254,201,100,Topographicglobal
707,0.7276873347,0.1740460767,0.5684283335437452,255,254,201,100,Topographicglobal
708,0.6155501947,0.8485362756,0.4708890735321969,255,254,201,100,Topographicglobal
709,0.7885141055,0.1291375528,0.11674876419209079,255,254,201,100,Topographicglobal
710,0.6342977367,0.5616045771,0.42955291994493777,255,254,201,100,Topographicglobal
711,0.3021038532,0.637570633,0.4637152387836572,255,254,201,100,Topographicglobal
712,0.4286665754,0.4857907922,0.49106896374380704,252,100,48,100,Topographicglobal
713,0.4286665754,0.4857907922,0.722321307650463,253,147,63,100,Topographicglobal
714,0.4286665754,0.4857907922,0.44390862532582437,255,252,197,100,Topographicglobal
715,0.6028412454,0.8986978031,0.48208101394877717,255,254,201,100,Topographicglobal
716,0.6860655357,0.5660412008,0.2304983190404229,255,254,201,100,Topographicglobal
717,0.4286665754,0.4857907922,0.82458968746842,255,252,197,100,Topographicglobal
718,0.6564781144,0.6087550148,0.9483177922766595,255,254,201,100,Topographicglobal
719,0.6396629746,0.8967142411,0.4484184533214719,255,254,201,100,Topographicglobal
720,0.7733929187,0.1204674239,0.9417297517245953,255,254,201,100,Topographicglobal
721,0.7534554985,0.1337260952,0.8283610168954105,255,254,201,100,Topographicglobal
722,0.4063001539,0.5590144936,0.356251338436683,255,252,197,100,Topographicglobal
723,0.5693313283,0.3502489908,0.4029918979359378,255,254,201,100,Topographicglobal
724,0.4063001539,0.5590144936,0.1520854902913905,255,252,197,100,Topographicglobal
725,0.0,0.6713374112,0.7327322680213,255,254,201,100,Topographicglobal
726,0.3532261897,0.8905463633,0.590127275761885,255,254,201,100,Topographicglobal
727,0.0137877593,0.5439676338,0.8696464906379716,255,252,197,100,Topographicglobal
728,0.5518179291,0.8848537693,0.04049164985924842,255,254,201,100,Topographicglobal
729,0.538903688,0.8251368018,0.16489531377555788,255,254,201,100,Topographicglobal
730,0.7047473635,0.6072144543,0.885957447964798,255,254,201,100,Topographicglobal
731,0.5312733062,0.6710163863,0.20937437227259834,255,252,197,100,Topographicglobal
732,0.2728603221,0.0961453969,0.2709889430771795,255,254,201,100,Topographicglobal
733,0.7161698339,0.0364273419,0.9840515131782722,255,254,201,100,Topographicglobal
734,0.6743715154,0.5587355516,0.12004598134615568,255,254,201,100,Topographicglobal
735,0.6757431355,0.2628728102,0.7179136919627499,255,254,201,100,Topographicglobal
736,0.4063001539,0.5590144936,0.2583864338592202,255,252,197,100,Topographicglobal
737,0.6641428478,0.0309045132,0.6198823164877504,255,254,201,100,Topographicglobal
738,0.5831211829,0.7958463284,0.3133911447920632,255,254,201,100,Topographicglobal
739,0.3649001588,0.4495174516,0.7429904756364495,255,254,201,100,Topographicglobal
740,0.0057509122,0.6681302269,0.25407577193728187,255,252,197,100,Topographicglobal
741,0.3649001588,0.4495174516,0.823814551207703,255,254,201,100,Topographicglobal
742,0.0137877593,0.5439676338,0.911800720242751,255,254,201,100,Topographicglobal
743,0.6784925558,0.5300462749,0.4503352350612238,255,254,201,100,Topographicglobal
744,0.6903164397,0.0956894594,0.10443638455285757,255,254,201,100,Topographicglobal
745,0.4063001539,0.5590144936,0.880906377045525,249,72,40,100,Topographicglobal
746,0.7005608315,0.7621927765,0.5072711118880643,255,254,201,100,Topographicglobal
747,0.2180352417,0.8038158415,0.07440252511290245,255,254,201,100,Topographicglobal
748,0.3572420961,0.7302031295,0.8775336731553983,255,254,201,100,Topographicglobal
749,0.6771525749,0.0824250865,0.11652558478289736,255,254,201,100,Topographicglobal
750,0.2264780074,0.7040246255,0.09173956135758381,255,254,201,100,Topographicglobal
751,0.4286665754,0.4857907922,0.4755477646039228,255,251,194,100,Topographicglobal
752,0.3474214953,0.5819573995,0.8269971356263294,255,252,197,100,Topographicglobal
753,0.5314378211,0.6709502731,0.5563543919531628,255,254,201,100,Topographicglobal
754,0.6442794562,0.0544753672,0.7882605412578826,255,254,201,100,Topographicglobal
755,0.4063001539,0.5590144936,0.3553572850080346,255,247,183,100,Topographicglobal
756,0.4063001539,0.5590144936,0.5942941442877606,255,252,197,100,Topographicglobal
757,0.2115518637,0.3388288181,0.711285479108224,255,254,201,100,Topographicglobal
758,0.0154069199,0.5439827223,0.09135881930183103,255,254,201,100,Topographicglobal
759,0.2115518637,0.3388288181,0.17414597356595943,255,254,201,100,Topographicglobal
760,0.5655635159,0.3420457085,0.45043206360305005,255,254,201,100,Topographicglobal
761,0.6184993637,0.8837150461,0.5947129443831641,255,254,201,100,Topographicglobal
762,0.4540021379,0.8322468757,0.18222380479887124,255,254,201,100,Topographicglobal
763,0.6746396279,0.8334737938,0.8800645831888231,255,254,201,100,Topographicglobal
764,0.2180352417,0.8038158415,0.1389194942340977,255,254,201,100,Topographicglobal
765,0.7126951003,0.1114741444,0.04355604457859581,255,254,201,100,Topographicglobal
766,0.7084329207,0.1175344151,0.06016636207031194,255,254,201,100,Topographicglobal
767,0.0502719943,0.3810176852,0.11808599611700957,255,254,201,100,Topographicglobal
768,0.7183040399,0.353558163,0.4103257812371669,255,254,201,100,Topographicglobal
769,0.4063001539,0.5590144936,0.5408056938281344,230,31,29,100,Topographicglobal
770,0.3638026927,0.7280107636,0.4106908856123776,255,254,201,100,Topographicglobal
771,0.8490178965,0.8145000183,0.0013367222625160192,255,254,201,100,Topographicglobal
772,0.714641815,0.5749400606,0.2560069466678886,255,254,201,100,Topographicglobal
773,0.221024373,1.0,0.7389452049782615,255,252,197,100,Topographicglobal
774,0.8657292868,0.5071889994,0.8760206063372221,255,254,201,100,Topographicglobal
775,0.2728603221,0.0961453969,0.34575043852495646,255,254,201,100,Topographicglobal
776,0.3534862644,0.4859361194,0.7554427221394312,255,254,201,100,Topographicglobal
777,0.7087797014,0.116450995,0.34061431228236216,255,254,201,100,Topographicglobal
778,0.6268347473,0.0752151507,0.09655141583336097,255,254,201,100,Topographicglobal
779,0.3021038532,0.637570633,0.5206895447191502,255,254,201,100,Topographicglobal
780,0.6615817217,0.8510071179,0.2759190947309183,255,254,201,100,Topographicglobal
781,0.0168892813,0.5503037897,0.6616763367312464,255,254,201,100,Topographicglobal
782,0.4286665754,0.4857907922,0.8305129031956878,255,252,197,100,Topographicglobal
783,0.7040649214,0.052446653,0.39762365270303723,255,254,201,100,Topographicglobal
784,0.1951308939,0.6848391624,0.7918943394025079,255,254,201,100,Topographicglobal
785,0.7167869406,0.341770775,0.12840214269538863,255,254,201,100,Topographicglobal
786,0.4286665754,0.4857907922,0.4907685035960264,255,252,197,100,Topographicglobal
787,0.7570440636,0.1153661578,0.5717573719625184,255,254,201,100,Topographicglobal
788,0.7068421182,0.5915759535,0.4858333493247933,255,252,197,100,Topographicglobal
789,0.0056591109,0.6681411853,0.6105066644835807,255,254,201,100,Topographicglobal
790,0.6758476271,0.1076880572,0.8738865961149003,255,254,201,100,Topographicglobal
791,0.2840828886,0.0982914077,0.08958341301431245,255,254,201,100,Topographicglobal
792,0.7195139661,0.1222669829,0.30988853199313565,255,254,201,100,Topographicglobal
793,0.7022980421,0.1151481423,0.7194147602041095,255,254,201,100,Topographicglobal
794,0.6831887342,0.5847523896,0.5935210892945638,255,254,201,100,Topographicglobal
795,0.449893814,0.8876185618,0.7472266300773597,255,254,201,100,Topographicglobal
796,0.7240702899,0.1114738807,0.48571618461801813,255,254,201,100,Topographicglobal
797,0.221024373,1.0,0.13594690748311292,255,252,197,100,Topographicglobal
798,0.5435337063,0.8925078767,0.9830721410810644,255,254,201,100,Topographicglobal
799,0.4286665754,0.4857907922,0.21515226162255133,255,234,153,100,Topographicglobal
800,0.3560762477,0.7190441139,0.003317590272517178,255,254,201,100,Topographicglobal
801,0.6859930998,0.5741604656,0.7971825647676632,255,254,201,100,Topographicglobal
802,0.4286665754,0.4857907922,0.5462818460763846,255,252,197,100,Topographicglobal
803,0.4286665754,0.4857907922,0.6866604923525141,254,182,81,100,Topographicglobal
804,0.502339804,0.9101329552,0.48468944371330736,255,254,201,100,Topographicglobal
805,0.4286665754,0.4857907922,0.7502949570808647,255,252,197,100,Topographicglobal
806,0.4286665754,0.4857907922,0.7182810755529657,255,252,197,100,Topographicglobal
807,0.49280294,0.8825322585,0.28531787624356164,255,254,201,100,Topographicglobal
808,0.428671853,0.4174724809,0.10483610762918417,255,254,201,100,Topographicglobal
809,0.4286665754,0.4857907922,0.7659453766119279,255,252,197,100,Topographicglobal
810,0.6621465998,0.5361601205,0.9988492798596467,255,254,201,100,Topographicglobal
811,0.7207927693,0.1103156795,0.7807153095559953,255,254,201,100,Topographicglobal
812,0.4286665754,0.4857907922,0.22310372349332297,255,249,190,100,Topographicglobal
813,0.680363432,0.4229288915,0.4355464022000526,255,254,201,100,Topographicglobal
814,0.5301066159,0.8581774056,0.9533729122006602,255,254,201,100,Topographicglobal
815,0.6424787763,0.5465509898,0.5559597053012773,255,254,201,100,Topographicglobal
816,0.221024373,1.0,0.9461634305417723,255,254,201,100,Topographicglobal
817,0.7313624496,0.1173117196,0.6243605264164359,255,254,201,100,Topographicglobal
818,0.8094384241,0.2362367868,0.26005315061739825,255,254,201,100,Topographicglobal
819,0.6076461478,0.9293280749,0.38738479425458033,255,254,201,100,Topographicglobal
820,0.6205271727,0.9037290341,0.15668650272630325,255,254,201,100,Topographicglobal
821,0.517739502,0.561330175,0.010438741389617251,255,234,153,100,Topographicglobal
822,0.6644956048,0.5576338977,0.6587497803701272,255,254,201,100,Topographicglobal
823,0.0453762505,0.3809094519,0.6403495973751071,255,254,201,100,Topographicglobal
824,0.2116318252,0.3389344641,0.1315066558701952,255,254,201,100,Topographicglobal
825,0.1084724032,0.4894885259,0.5025561200103303,255,254,201,100,Topographicglobal
826,0.5563213647,0.6126613319,0.8558577206367844,255,254,201,100,Topographicglobal
827,0.4917944281,0.8606880938,0.37434145905540084,255,254,201,100,Topographicglobal
828,0.7317956412,0.1227642494,0.14825350684956556,255,254,201,100,Topographicglobal
829,0.7295675421,0.129549195,0.011730069542371829,255,254,201,100,Topographicglobal
830,0.5590731374,0.3480161529,0.06203395702073471,255,254,201,100,Topographicglobal
831,0.3560762477,0.7190441139,0.9802779521398771,255,254,201,100,Topographicglobal
832,0.7265262343,0.1325342771,0.8645295879531653,255,254,201,100,Topographicglobal
833,0.517739502,0.561330175,0.8902815846019655,255,248,187,100,Topographicglobal
834,0.7198543755,0.1348236212,0.04907523743809681,255,254,201,100,Topographicglobal
835,0.2149221231,0.3365856643,0.22051331432607107,255,254,201,100,Topographicglobal
836,0.2150411453,0.3365456701,0.4844462246912654,255,254,201,100,Topographicglobal
837,0.2917571833,0.6526975472,0.628752990843153,255,254,201,100,Topographicglobal
838,0.5474645819,0.5177562957,0.5625509169143147,255,254,201,100,Topographicglobal
839,0.6590426778,0.8890330424,0.8208822915665774,255,254,201,100,Topographicglobal
840,0.517739502,0.561330175,0.6070227914744716,255,252,197,100,Topographicglobal
841,0.3751351847,0.3633748095,0.010214293738446305,255,254,201,100,Topographicglobal
842,0.5633067419,0.352439165,0.9917342780862939,255,254,201,100,Topographicglobal
843,0.5943610343,0.9028836349,0.5132648487822081,255,254,201,100,Topographicglobal
844,0.7772862614,0.1856972668,0.29035490244116496,255,254,201,100,Topographicglobal
845,0.6194804182,0.8570440545,0.7138274529099498,255,254,201,100,Topographicglobal
846,0.5648966351,0.3419588813,0.6208212519016527,255,254,201,100,Topographicglobal
847,0.5445135737,0.860624024,0.8176651843699726,255,254,201,100,Topographicglobal
848,0.7511227427,0.8805893004,0.15350132919445922,255,254,201,100,Topographicglobal
849,0.5373020223,0.4662090431,0.2812436546958932,255,254,201,100,Topographicglobal
850,0.5373020223,0.4662090431,0.18860185294333787,255,254,201,100,Topographicglobal
851,0.5600696837,0.7358544769,0.27641245106457535,255,254,201,100,Topographicglobal
852,0.329824695,0.230392686,0.5692853130055134,255,254,201,100,Topographicglobal
853,0.4936569714,0.4558060495,0.6102557368967995,255,254,201,100,Topographicglobal
854,0.1700783825,0.6068089916,0.6647381119025069,255,254,201,100,Topographicglobal
855,0.5025695849,0.5045010376,0.22118123034886739,255,252,197,100,Topographicglobal
856,0.775684843,0.1622013587,0.18143046564842102,255,254,201,100,Topographicglobal
857,0.515476934,0.2344491585,0.13810270074686906,255,254,201,100,Topographicglobal
858,0.7899017143,0.1723856983,0.46990722210282054,255,254,201,100,Topographicglobal
859,0.7999802544,0.193888157,0.7235889034777534,255,254,201,100,Topographicglobal
860,0.221024373,1.0,0.12299374483915135,255,254,201,100,Topographicglobal
861,0.5373020223,0.4662090431,0.26207521828645214,255,254,201,100,Topographicglobal
862,0.221024373,1.0,0.8835042139056756,255,254,201,100,Topographicglobal
863,0.4936569714,0.4558060495,0.7757074055934485,255,254,201,100,Topographicglobal
864,0.5985702152,0.7814470554,0.6289403323850793,255,254,201,100,Topographicglobal
865,0.4669319338,0.375393429,0.6975880924331178,255,254,201,100,Topographicglobal
866,0.7307383555,0.1934261224,0.14073432555654466,255,254,201,100,Topographicglobal
867,0.5179719044,0.8286621933,0.16077425595965783,255,254,201,100,Topographicglobal
868,0.1573866483,0.6463720655,0.1072307232842305,255,254,201,100,Topographicglobal
869,0.4281136151,0.3563626366,0.10724573483955198,255,254,201,100,Topographicglobal
870,0.5956363226,0.8615726798,0.38159050733679956,255,254,201,100,Topographicglobal
871,0.4936569714,0.4558060495,0.6060978157164265,255,254,201,100,Topographicglobal
872,0.0122204714,0.6642603116,0.4941339582748475,255,254,201,100,Topographicglobal
873,0.7458226949,0.1849319549,0.7330444441530232,255,254,201,100,Topographicglobal
874,0.2210667669,0.9999214946,0.3532924982027383,255,254,201,100,Topographicglobal
875,0.5025695849,0.5045010376,0.2202910382840101,255,252,197,100,Topographicglobal
876,0.7622597577,0.177274387,0.9053496002078624,255,254,201,100,Topographicglobal
877,0.3576127385,0.7302641672,0.40732685268648455,255,254,201,100,Topographicglobal
878,0.5025695849,0.5045010376,0.5889716760175242,252,77,42,100,Topographicglobal
879,0.5025695849,0.5045010376,0.33659783416871575,255,252,197,100,Topographicglobal
880,0.6803142416,0.5610033536,0.6241461771000084,255,254,201,100,Topographicglobal
881,0.5657404651,0.3419968157,0.9803529742226323,255,254,201,100,Topographicglobal
882,0.1574222717,0.6463495306,0.23974680303958562,255,254,201,100,Topographicglobal
883,0.7815357506,0.1446499737,0.784867857745771,255,254,201,100,Topographicglobal
884,0.5887191606,0.8762899621,0.1917632147233356,255,254,201,100,Topographicglobal
885,0.7626047416,0.1504737396,0.13912913068128602,255,254,201,100,Topographicglobal
886,0.3297625625,0.2303964761,0.4543650362280515,255,254,201,100,Topographicglobal
887,0.5900417811,0.8797848347,0.5967170114665797,255,254,201,100,Topographicglobal
888,0.7677011531,0.1366174784,0.36168590295491904,255,254,201,100,Topographicglobal
889,0.4936569714,0.4558060495,0.6572620099678812,255,254,201,100,Topographicglobal
890,0.5429134401,0.923599458,0.5089893284015636,255,254,201,100,Topographicglobal
891,0.6738787173,0.571152309,0.2720341134860346,255,254,201,100,Topographicglobal
892,0.278434923,0.0882049197,0.820661039507189,255,254,201,100,Topographicglobal
893,0.3869076908,0.5201683842,0.14818587751145743,255,254,201,100,Topographicglobal
894,0.1486178214,0.6377784728,0.2376517767516125,255,254,201,100,Topographicglobal
895,0.3532261897,0.8905463633,0.8859118924590736,255,254,201,100,Topographicglobal
896,0.6961164035,0.2181725463,0.28882488765800235,255,254,201,100,Topographicglobal
897,0.5689636328,0.1024041062,0.08769992706159467,255,254,201,100,Topographicglobal
898,0.3634875164,0.7211842912,0.4222409381801117,255,254,201,100,Topographicglobal
899,0.6971880635,0.1857343443,0.6169423417246093,255,254,201,100,Topographicglobal
900,0.3636422835,0.7281210402,0.6659694687263582,255,254,201,100,Topographicglobal
901,0.6650414474,0.2135230979,0.21583861280531833,255,254,201,100,Topographicglobal
902,0.6264257776,0.864794003,0.9655596581940759,255,254,201,100,Topographicglobal
903,0.0869038612,0.3849577427,0.07195409817546417,255,254,201,100,Topographicglobal
904,0.6187472145,0.0,0.15015432608294607,255,254,201,100,Topographicglobal
905,0.6829296838,0.2003389441,0.21155394286346837,255,254,201,100,Topographicglobal
906,0.506509375,0.6698111379,0.14683360360761358,255,254,201,100,Topographicglobal
907,0.3681929045,0.2838948933,0.2833859991478082,255,254,201,100,Topographicglobal
908,0.5935747429,0.8117820258,0.04009908399167686,255,254,201,100,Topographicglobal
909,0.465528284,0.7589564905,0.16711255426928584,255,254,201,100,Topographicglobal
910,0.6954568075,0.1688990982,0.7454930480722202,255,254,201,100,Topographicglobal
911,0.5314378211,0.6709502731,0.008099379264808228,255,254,201,100,Topographicglobal
912,0.2768726348,0.1009481318,0.7827822858771519,255,254,201,100,Topographicglobal
913,0.2147978233,0.3371839793,0.9046768464405873,255,254,201,100,Topographicglobal
914,0.6648406451,0.1179473427,0.3101866225961091,255,254,201,100,Topographicglobal
915,0.66293188,0.13101097,0.9205695952528608,255,254,201,100,Topographicglobal
916,0.5120492988,0.855354146,0.07913984715697288,255,254,201,100,Topographicglobal
917,0.517739502,0.561330175,0.6531504584783793,255,252,197,100,Topographicglobal
918,0.5660208665,0.7827245142,0.8990837110581352,255,254,201,100,Topographicglobal
919,0.7127283105,0.0744561008,0.7829860030509713,255,254,201,100,Topographicglobal
920,0.5962475904,0.8339208986,0.985646303036253,255,254,201,100,Topographicglobal
921,0.5474645819,0.5177562957,0.050167185791966114,255,254,201,100,Topographicglobal
922,0.5154521001,0.2345412425,0.35143841856937763,255,254,201,100,Topographicglobal
923,0.7985421618,0.1129868061,0.32064846638556765,255,254,201,100,Topographicglobal
924,0.1572819657,0.6463540706,0.8836493744894633,255,254,201,100,Topographicglobal
925,0.8275038484,0.1462178067,0.3679745462865026,255,254,201,100,Topographicglobal
926,0.517739502,0.561330175,0.6840229173544841,255,248,187,100,Topographicglobal
927,0.5896296639,0.881474908,0.6326810765787219,255,254,201,100,Topographicglobal
928,0.6533716447,0.098644583,0.3141600220858955,255,254,201,100,Topographicglobal
929,0.7250453052,0.1356958809,0.2644145205257885,255,254,201,100,Topographicglobal
930,0.66327735,0.4259292659,0.023150880615657846,255,254,201,100,Topographicglobal
931,0.4669319338,0.375393429,0.1278865713493285,255,254,201,100,Topographicglobal
932,0.6076632662,0.9132459793,0.9155472505294364,255,254,201,100,Topographicglobal
933,0.0057521621,0.6681310179,0.6385182231374932,255,254,201,100,Topographicglobal
934,0.625209081,0.9287935332,0.20174828852115584,255,254,201,100,Topographicglobal
935,0.1213399277,0.4927837157,0.9766612858627763,255,254,201,100,Topographicglobal
936,0.3751644194,0.3634052624,0.028236946805964242,255,254,201,100,Topographicglobal
937,0.4776907807,0.5237520536,0.9672805282351542,255,252,197,100,Topographicglobal
938,0.6761964216,0.5861802428,0.6182418151863048,255,254,201,100,Topographicglobal
939,0.7208922264,0.1343951705,0.3341569950608905,255,254,201,100,Topographicglobal
940,0.7159156271,0.1344927583,0.6714140114344357,255,254,201,100,Topographicglobal
941,0.7106791874,0.1318469433,0.4201640986020304,255,254,201,100,Topographicglobal
942,0.4286665754,0.4857907922,0.8955919440361598,255,252,197,100,Topographicglobal
943,0.7115792582,0.1334236749,0.8130790949792462,255,254,201,100,Topographicglobal
944,0.7106473486,0.1303609444,0.6416778057597486,255,254,201,100,Topographicglobal
945,0.4286665754,0.4857907922,0.12551288126301066,255,252,197,100,Topographicglobal
946,0.71879505,0.1227472432,0.8325225562421716,255,254,201,100,Topographicglobal
947,0.5833410511,0.0558637123,0.6328699409193614,255,254,201,100,Topographicglobal
948,0.5998380734,0.8642358636,0.7755764417790856,255,254,201,100,Topographicglobal
949,0.6034539485,0.4737685576,0.6953333002186158,255,254,201,100,Topographicglobal
950,0.4286665754,0.4857907922,0.5493399879624695,255,249,190,100,Topographicglobal
951,0.6754599542,0.5726136967,0.8852381184786862,255,254,201,100,Topographicglobal
952,0.5314378211,0.6709502731,0.5533219126299104,255,254,201,100,Topographicglobal
953,0.8209684937,0.0809544788,0.891154476270909,255,254,201,100,Topographicglobal
954,0.4605369197,0.3124204009,0.0982444092285494,255,254,201,100,Topographicglobal
955,0.2672957206,0.4454003656,0.2051250893227337,255,254,201,100,Topographicglobal
956,0.5980257114,0.5972082431,0.24021286233801595,255,254,201,100,Topographicglobal
957,0.3247305924,0.4037947848,0.27472427780659575,255,254,201,100,Topographicglobal
958,0.6860793545,0.5784308216,0.7888044561141613,255,254,201,100,Topographicglobal
959,0.5698709885,0.3491686194,0.09167745096654452,255,254,201,100,Topographicglobal
960,0.7064624918,0.1263648174,0.10102353546894435,255,254,201,100,Topographicglobal
961,0.2188903407,0.8040226843,0.5977827366984276,255,254,201,100,Topographicglobal
962,0.7183040399,0.353558163,0.48538318535872066,255,254,201,100,Topographicglobal
963,0.7081200534,0.1235182567,0.30018098585133146,255,254,201,100,Topographicglobal
964,0.4286665754,0.4857907922,0.08962312551903517,255,234,153,100,Topographicglobal
965,0.4286665754,0.4857907922,0.5203403745248167,230,31,29,100,Topographicglobal
966,0.4286665754,0.4857907922,0.2946185620703443,255,252,197,100,Topographicglobal
967,0.66327735,0.4259292659,0.8951162656794495,255,254,201,100,Topographicglobal
968,0.5855550493,0.8680820987,0.10611395746239902,255,254,201,100,Topographicglobal
969,0.4286665754,0.4857907922,0.8756167166044311,255,252,197,100,Topographicglobal
970,0.8202312712,0.8111613984,0.16809969394915658,255,254,201,100,Topographicglobal
971,0.4063001539,0.5590144936,0.008295416615146507,255,252,197,100,Topographicglobal
972,0.6683980659,0.5691984625,0.02412204386115135,255,254,201,100,Topographicglobal
973,0.6687442867,0.5779037037,0.2007483949690372,255,254,201,100,Topographicglobal
974,0.1271241023,0.6609950887,0.20724501898982525,255,254,201,100,Topographicglobal
975,0.5695971319,0.3448885944,0.4701151619542261,255,254,201,100,Topographicglobal
976,0.7740790846,0.749242771,0.027310016143766363,255,254,201,100,Topographicglobal
977,0.3296525676,0.2301101721,0.5199864578589968,255,254,201,100,Topographicglobal
978,0.6566701974,0.5696018735,0.1964603702840781,255,254,201,100,Topographicglobal
979,0.3296371169,0.2300992961,0.41385422652266296,255,254,201,100,Topographicglobal
980,0.5465677314,0.9668063735,0.34571354830227896,255,254,201,100,Topographicglobal
981,0.7372076456,0.0874445185,0.9672199513593311,255,254,201,100,Topographicglobal
982,0.4063001539,0.5590144936,0.9097452969596262,255,252,197,100,Topographicglobal
983,0.3296371169,0.2300992961,0.16940471868206525,255,254,201,100,Topographicglobal
984,0.5607806271,0.9444621739,0.6824990671069054,255,254,201,100,Topographicglobal
985,0.5727773242,0.1572324839,0.3571282129955358,255,254,201,100,Topographicglobal
986,0.7372076456,0.0874445185,0.08007431220677988,255,254,201,100,Topographicglobal
987,0.3534862644,0.4859361194,0.04129854035152164,255,254,201,100,Topographicglobal
988,0.7372076456,0.0874445185,0.1417350835343629,255,254,201,100,Topographicglobal
989,0.3649001588,0.4495174516,0.02066198453451628,255,254,201,100,Topographicglobal
990,0.5705000976,0.9021022726,0.675940957811507,255,254,201,100,Topographicglobal
991,0.2180352417,0.8038158415,0.20901670992228955,255,254,201,100,Topographicglobal
992,0.5705000976,0.9021022726,0.6985641275487947,255,254,201,100,Topographicglobal
993,0.5705000976,0.9021022726,0.8101373537710561,255,254,201,100,Topographicglobal
994,0.4063001539,0.5590144936,0.7531450387944086,253,136,59,100,Topographicglobal
995,0.4063001539,0.5590144936,0.46258361753850363,255,252,197,100,Topographicglobal
996,0.1574222717,0.6463495306,0.5341751008742902,255,254,201,100,Topographicglobal
997,0.3649001588,0.4495174516,0.14289229394201972,255,254,201,100,Topographicglobal
998,0.3296371169,0.2300992961,0.10700663070910701,255,254,201,100,Topographicglobal
999,0.3532261897,0.8905463633,0.19665079052137488,255,254,201,100,Topographicglobal
